time,open,high,low,close,volume
2019-01-02,40070.0,41060.0,39980.0,40750.0,194456
2019-01-03,40600.0,40600.0,40290.0,40290.0,69816
2019-01-04,40010.0,40440.0,39980.0,40290.0,44320
2019-01-07,40290.0,40820.0,40290.0,40820.0,60058
2019-01-08,40600.0,40660.0,40290.0,40350.0,34685
2019-01-09,40290.0,40600.0,39980.0,40600.0,47870
2019-01-10,40410.0,42770.0,40380.0,42060.0,197524
2019-01-11,43080.0,43540.0,42300.0,43540.0,137356
2019-01-14,43700.0,44910.0,43390.0,44780.0,139579
2019-01-15,44470.0,44470.0,37810.0,44010.0,241318
2019-01-16,44010.0,46800.0,44010.0,46770.0,85160
2019-01-17,45870.0,48970.0,45870.0,48040.0,178928
2019-01-18,46490.0,48220.0,46490.0,48040.0,137173
2019-01-21,48010.0,48010.0,46020.0,47050.0,101385
2019-01-22,48010.0,48010.0,47110.0,47540.0,152546
2019-01-23,48010.0,48010.0,47110.0,47570.0,34923
2019-01-24,47390.0,48350.0,47390.0,48040.0,91611
2019-01-25,48040.0,48100.0,47420.0,48040.0,55181
2019-01-28,48040.0,48100.0,47420.0,47880.0,42313
2019-01-29,47420.0,47940.0,47110.0,47940.0,16496
2019-01-30,48040.0,48040.0,47700.0,48010.0,31047
2019-01-31,48040.0,51660.0,48040.0,51140.0,120731
2019-02-01,50210.0,52070.0,50210.0,52030.0,9500
2019-02-11,52070.0,54240.0,52030.0,54200.0,20326
2019-02-12,52690.0,53990.0,50830.0,52070.0,143011
2019-02-13,51140.0,52720.0,50520.0,52380.0,23972
2019-02-14,52220.0,52930.0,52220.0,52930.0,16980
2019-02-15,52840.0,53310.0,52380.0,52410.0,35126
2019-02-18,52930.0,52960.0,51450.0,52530.0,44880
2019-02-19,52130.0,53000.0,52130.0,52750.0,50057
2019-02-20,52690.0,53310.0,52690.0,52690.0,46403
2019-02-21,52690.0,54550.0,52690.0,53620.0,83754
2019-02-22,54240.0,54300.0,53310.0,53580.0,15930
2019-02-25,53770.0,53770.0,52070.0,52530.0,31650
2019-02-26,52470.0,53930.0,52410.0,53930.0,40656
2019-02-27,54240.0,54240.0,53310.0,53310.0,9291
2019-02-28,53620.0,53620.0,52690.0,53620.0,15510
2019-03-01,53580.0,53930.0,53460.0,53930.0,29002
2019-03-04,53930.0,54550.0,53930.0,54240.0,65976
2019-03-05,54240.0,54700.0,54240.0,54610.0,38570
2019-03-06,54550.0,56500.0,54550.0,56400.0,58599
2019-03-07,56560.0,58730.0,56560.0,57950.0,145657
2019-03-08,57950.0,58260.0,57490.0,57950.0,43238
2019-03-11,58880.0,59660.0,57330.0,59160.0,55621
2019-03-12,58880.0,61390.0,58700.0,61050.0,123967
2019-03-13,61360.0,62290.0,60530.0,61330.0,121619
2019-03-14,61050.0,61210.0,59810.0,60530.0,70569
2019-03-15,60430.0,60740.0,60120.0,60430.0,63620
2019-03-18,60400.0,60590.0,59810.0,60430.0,33838
2019-03-19,60430.0,61050.0,59810.0,60430.0,41149
2019-03-20,60530.0,60740.0,60000.0,60530.0,17492
2019-03-21,60530.0,60990.0,60430.0,60900.0,22498
2019-03-22,61050.0,61050.0,60430.0,60900.0,15315
2019-03-25,60430.0,62010.0,60090.0,61050.0,67500
2019-03-26,60740.0,61050.0,60500.0,60620.0,9300
2019-03-27,61670.0,61670.0,60430.0,60590.0,31006
2019-03-28,60500.0,61050.0,60500.0,60900.0,14233
2019-03-29,60680.0,61670.0,60680.0,61360.0,75258
2019-04-01,61830.0,61830.0,60430.0,60900.0,34830
2019-04-02,60990.0,61050.0,51880.0,58880.0,146850
2019-04-03,58820.0,59190.0,54580.0,55230.0,172572
2019-04-04,54860.0,57950.0,54760.0,57640.0,120069
2019-04-05,56780.0,57300.0,55160.0,56090.0,53718
2019-04-08,56090.0,56090.0,54820.0,55780.0,49425
2019-04-09,55470.0,55630.0,54890.0,55010.0,61813
2019-04-10,55160.0,56930.0,54860.0,56090.0,53956
2019-04-11,56710.0,56870.0,56400.0,56710.0,22643
2019-04-12,56810.0,58480.0,56810.0,58260.0,118658
2019-04-16,58260.0,58880.0,58260.0,58450.0,94858
2019-04-17,58570.0,59190.0,58540.0,58880.0,121725
2019-04-18,58910.0,58950.0,58880.0,58880.0,41326
2019-04-19,57330.0,58880.0,57330.0,58260.0,29120
2019-04-22,58570.0,58880.0,58260.0,58260.0,34330
2019-04-23,58360.0,58480.0,57950.0,58480.0,18523
2019-04-24,58260.0,58510.0,58260.0,58420.0,42075
2019-04-25,57950.0,59470.0,57950.0,59470.0,27490
2019-04-26,58880.0,60590.0,58260.0,60120.0,18389
2019-05-02,60120.0,60120.0,59720.0,59720.0,54010
2019-05-03,59190.0,59500.0,58910.0,59470.0,3179
2019-05-06,58570.0,58910.0,58260.0,58910.0,30280
2019-05-07,58820.0,59190.0,58730.0,58880.0,29920
2019-05-08,58570.0,58570.0,57800.0,58260.0,6700
2019-05-09,58230.0,58570.0,58230.0,58260.0,8920
2019-05-10,58330.0,58330.0,57710.0,57950.0,31578
2019-05-13,56400.0,58760.0,56400.0,58700.0,17380
2019-05-14,58820.0,58820.0,57830.0,58540.0,26190
2019-05-15,58330.0,58360.0,57950.0,58330.0,7158
2019-05-16,58730.0,60400.0,58330.0,58850.0,41336
2019-05-17,58880.0,58880.0,55470.0,57950.0,36325
2019-05-20,57330.0,58260.0,57270.0,58260.0,8716
2019-05-21,58020.0,58480.0,57370.0,58140.0,50433
2019-05-22,57550.0,57740.0,57550.0,57550.0,20640
2019-05-23,57920.0,57920.0,56750.0,57020.0,18382
2019-05-24,57950.0,57950.0,56710.0,57330.0,31220
2019-05-27,58540.0,58540.0,56870.0,56870.0,27372
2019-05-28,57330.0,57950.0,57090.0,57710.0,20780
2019-05-29,57330.0,57640.0,57180.0,57640.0,44832
2019-05-30,57330.0,57740.0,57330.0,57740.0,50027
2019-05-31,58540.0,58540.0,58140.0,58170.0,24982
2019-06-03,58110.0,58880.0,58110.0,58730.0,114788
2019-06-04,59190.0,60740.0,58710.0,58710.0,94500
2019-06-05,59370.0,59410.0,58750.0,59190.0,21850
2019-06-06,59060.0,64010.00000000001,59060.0,63390.0,185316
2019-06-07,64010.00000000001,65820.0,62730.0,65820.0,79602
2019-06-10,70680.0,70680.0,64980.00000000001,64980.00000000001,47864
2019-06-11,65459.99999999999,66210.0,63390.0,65990.0,102820
2019-06-12,66040.0,66480.0,65820.0,66260.0,130885
2019-06-13,66260.0,67140.0,66260.0,66790.0,153901
2019-06-14,66260.0,66660.0,64930.00000000001,64930.00000000001,53763
2019-06-17,65600.0,65600.0,64050.0,65069.99999999999,79041
2019-06-18,64930.00000000001,65379.99999999999,64580.0,65150.00000000001,142021
2019-06-19,66610.0,66610.0,64930.00000000001,65290.00000000001,25157
2019-06-20,65150.00000000001,65150.00000000001,64269.99999999999,64489.99999999999,56445
2019-06-21,64930.00000000001,64930.00000000001,63610.0,63960.0,33319
2019-06-24,64140.0,64140.0,62950.0,63170.0,43533
2019-06-25,63520.0,63830.0,61840.0,61840.0,59523
2019-06-26,61840.0,62150.0,60960.0,61840.0,77550
2019-06-27,61840.0,63120.0,61840.0,62730.0,89553
2019-06-28,62950.0,62950.0,62060.0,62060.0,20200
2019-07-01,62500.0,62500.0,60340.0,60740.0,58158
2019-07-02,60520.0,60960.0,59100.0,59460.0,107029
2019-07-03,59720.0,60520.0,59460.0,59900.0,75730
2019-07-04,59990.0,61840.0,59850.0,59900.0,88474
2019-07-05,61400.0,61400.0,60870.0,60960.0,26234
2019-07-08,60740.0,60960.0,59680.0,59850.0,31008
2019-07-09,60960.0,61180.0,59770.0,60780.0,52832
2019-07-10,61400.0,62280.0,60740.0,62280.0,93131
2019-07-11,62280.0,62730.0,61840.0,61890.0,57575
2019-07-12,61890.0,62060.0,61180.0,61890.0,62675
2019-07-15,61400.0,61800.0,60520.0,61800.0,42882
2019-07-16,61400.0,63830.0,61400.0,62730.0,110658
2019-07-17,62730.0,63520.0,62730.0,63520.0,77616
2019-07-18,63170.0,63170.0,62420.0,62680.0,25104
2019-07-19,62950.0,63120.0,61890.0,62860.0,64114
2019-07-22,62860.0,65379.99999999999,61840.0,64930.00000000001,188688
2019-07-23,64930.00000000001,65069.99999999999,64540.00000000001,64890.0,31740
2019-07-24,64800.0,64800.0,63920.0,63920.0,28576
2019-07-25,63920.0,64930.00000000001,63700.0,64050.0,38344
2019-07-26,64090.0,64090.0,62770.0,63390.0,34337
2019-07-29,63210.0,63610.0,61400.0,61930.0,135191
2019-07-30,62110.0,62950.0,61890.0,62150.0,36181
2019-07-31,62280.0,62640.0,61400.0,61970.0,35338
2019-08-01,62020.0,62500.0,61840.0,62020.0,37018
2019-08-02,62280.0,64269.99999999999,61840.0,63790.0,154138
2019-08-05,63830.0,65990.0,63830.0,65600.0,264454
2019-08-06,65330.0,66210.0,64090.0,64580.0,139366
2019-08-07,64400.00000000001,65290.00000000001,63740.0,63830.0,79962
2019-08-08,64269.99999999999,64489.99999999999,61670.0,62020.0,246540
2019-08-09,62020.0,62500.0,61620.0,61970.0,90172
2019-08-12,61970.0,62420.0,61090.0,61130.0,88603
2019-08-13,61090.0,61090.0,59590.0,59850.0,212637
2019-08-14,59940.0,61840.0,59850.0,61710.0,87326
2019-08-15,61710.0,62460.0,60070.0,62460.0,47890
2019-08-16,61800.0,62280.0,61440.0,61840.0,71230
2019-08-19,61490.0,61970.0,60960.0,61970.0,45507
2019-08-20,61670.0,62240.0,61180.0,62240.0,20518
2019-08-21,61530.0,62200.0,61400.0,61840.0,55384
2019-08-22,61620.0,61620.0,60520.0,60870.0,76567
2019-08-23,60960.0,61400.0,60870.0,61220.0,35839
2019-08-26,60520.0,60960.0,60430.0,60960.0,89652
2019-08-27,60690.0,60690.0,60120.0,60300.0,130864
2019-08-28,60300.0,60910.0,59850.0,60300.0,67446
2019-08-29,61440.0,61440.0,59940.0,60520.0,50990
2019-08-30,60160.0,60300.0,60070.0,60300.0,22507
2019-09-03,60300.0,60470.0,60160.0,60300.0,58926
2019-09-04,60250.0,60250.0,59410.0,59590.0,50771
2019-09-05,59850.0,59850.0,55660.0,56540.0,183536
2019-09-06,56540.0,58310.0,55660.0,56980.0,88739
2019-09-09,57380.0,57560.0,56760.0,57380.0,54204
2019-09-10,57200.0,58310.0,57120.0,58310.0,31683
2019-09-11,57870.0,58750.0,57870.0,58750.0,26438
2019-09-12,58750.0,59190.0,58260.0,59190.0,34762
2019-09-13,59630.0,59630.0,58090.0,58310.0,8654
2019-09-16,57420.0,58750.0,57420.0,58750.0,28101
2019-09-17,58310.0,58710.0,58090.0,58350.0,37253
2019-09-18,58350.0,58750.0,58090.0,58350.0,15473
2019-09-19,57420.0,58400.0,57420.0,57780.0,48979
2019-09-20,57950.0,58090.0,57420.0,57650.0,32222
2019-09-23,57600.0,57870.0,57600.0,57600.0,18802
2019-09-24,57730.0,57730.0,56760.0,57200.0,38951
2019-09-25,56980.0,57650.0,56980.0,57650.0,19073
2019-09-26,57650.0,57950.0,57200.0,57420.0,9222
2019-09-27,57690.0,57690.0,56980.0,57650.0,17128
2019-09-30,58310.0,58310.0,57600.0,57870.0,15953
2019-10-01,57950.0,58620.0,57910.0,58620.0,39700
2019-10-02,58750.0,58750.0,57420.0,57650.0,9399
2019-10-03,57650.0,58090.0,57290.0,58090.0,20774
2019-10-04,57820.0,57870.0,57470.0,57510.0,8506
2019-10-07,57780.0,57870.0,57560.0,57600.0,23238
2019-10-08,56980.0,57730.0,56980.0,57420.0,37322
2019-10-09,57420.0,57870.0,57420.0,57420.0,35035
2019-10-10,57780.0,57780.0,57420.0,57420.0,10330
2019-10-11,57420.0,57470.0,57030.0,57070.0,46556
2019-10-14,57200.0,57420.0,56810.0,56850.0,18551
2019-10-15,56980.0,57250.0,56980.0,57200.0,34997
2019-10-16,57200.0,57420.0,57200.0,57420.0,18271
2019-10-17,56980.0,57600.0,56100.0,56540.0,14472
2019-10-18,56540.0,57380.0,56540.0,56630.0,14152
2019-10-21,56190.0,56320.0,55660.0,56100.0,36705
2019-10-22,55830.0,56100.0,55830.0,55970.0,29406
2019-10-23,56190.0,56190.0,55880.0,56100.0,58277
2019-10-24,55440.0,56060.0,55440.0,55660.0,36894
2019-10-25,55660.0,55750.0,54990.0,55040.0,21064
2019-10-28,55040.0,55170.0,53890.0,54550.0,81179
2019-10-29,54420.0,54990.0,53800.0,53890.0,44270
2019-10-30,54020.0,54420.0,54020.0,54290.0,20564
2019-10-31,54330.0,57870.0,54330.0,54290.0,64721
2019-11-01,55660.0,55660.0,54510.0,54770.0,29814
2019-11-04,55220.0,56230.0,54990.0,56190.0,116287
2019-11-05,56540.0,56940.0,56450.0,56760.0,80009
2019-11-06,57340.0,57340.0,56450.0,56450.0,10857
2019-11-07,56100.0,56720.0,55700.0,56720.0,28215
2019-11-08,56540.0,56670.0,56280.0,56360.0,6927
2019-11-11,56140.0,57070.0,56100.0,57070.0,60162
2019-11-12,56810.0,57200.0,56810.0,56940.0,28147
2019-11-13,57120.0,57120.0,56810.0,56890.0,50837
2019-11-14,56230.0,56850.0,56100.0,56100.0,1750
2019-11-15,56940.0,57030.0,56540.0,56890.0,54595
2019-11-18,56980.0,56980.0,56590.0,56890.0,7678
2019-11-19,56190.0,56890.0,56190.0,56890.0,6550
2019-11-20,56760.0,56760.0,56320.0,56540.0,2300
2019-11-21,56540.0,56540.0,56100.0,56100.0,16910
2019-11-22,56320.0,56360.0,47970.0,55440.0,15515
2019-11-25,55220.0,55260.0,55220.0,55260.0,13951
2019-11-26,55440.0,55570.0,55170.0,55170.0,17482
2019-11-27,55220.0,55220.0,54860.0,54910.0,15984
2019-11-28,54770.0,54770.0,53450.0,53890.0,23449
2019-11-29,54110.0,54110.0,52120.0,53050.0,9303
2019-12-02,52870.0,53850.0,52570.0,52870.0,4615
2019-12-03,52120.0,53010.0,52120.0,53010.0,14570
2019-12-04,53540.0,53540.0,52340.0,52340.0,2662
2019-12-05,51730.0,53010.0,51240.0,52570.0,15859
2019-12-06,52120.0,53180.0,52120.0,52960.0,1690
2019-12-09,52570.0,52570.0,51770.0,52080.0,20693
2019-12-10,52520.0,52520.0,52080.0,52080.0,33986
2019-12-11,52120.0,52120.0,51280.0,51680.0,32054
2019-12-12,51550.0,51550.0,49920.0,50800.0,38449
2019-12-13,50750.0,50750.0,50400.0,50400.0,30176
2019-12-16,50360.0,50360.0,49300.0,49520.0,38487
2019-12-17,49080.0,50000.0,49080.0,50000.0,32024
2019-12-18,50140.0,50140.0,49920.0,50050.0,36012
2019-12-19,50050.0,51640.0,49470.0,51640.0,34114
2019-12-20,51420.0,51420.0,50800.0,51150.0,7198
2019-12-23,51150.0,51460.0,51020.0,51240.0,51575
2019-12-24,51020.0,51240.0,50580.0,51240.0,4640
2019-12-25,50800.0,51200.0,50800.0,51060.0,10284
2019-12-26,50800.0,51020.0,50360.0,50360.0,16825
2019-12-27,50580.0,50580.0,50360.0,50360.0,28700
2019-12-30,50360.0,51240.0,50360.0,51240.0,14805
2019-12-31,51240.0,51240.0,50360.0,51240.0,27193
2020-01-02,51240.0,51240.0,50800.0,50800.0,12986
2020-01-03,51240.0,52570.0,50840.0,52520.0,53358
2020-01-06,52080.0,52080.0,51240.0,51680.0,7840
2020-01-07,51680.0,51770.0,51240.0,51770.0,7385
2020-01-08,50800.0,51240.0,50400.0,51240.0,11671
2020-01-09,50800.0,51240.0,50750.0,50750.0,8962
2020-01-10,51110.0,51110.0,50580.0,50800.0,6240
2020-01-13,50450.0,50710.0,50450.0,50580.0,21942
2020-01-14,50800.0,51020.0,50800.0,51020.0,74665
2020-01-15,50840.0,50930.0,50800.0,50930.0,27062
2020-01-16,50890.0,51020.0,50710.0,50710.0,12706
2020-01-17,50800.0,51020.0,50620.0,50710.0,27969
2020-01-20,50360.0,50800.0,50360.0,50710.0,21938
2020-01-21,50800.0,50800.0,50580.0,50710.0,51553
2020-01-22,50710.0,50800.0,50710.0,50800.0,65479
2020-01-30,50800.0,51680.0,50620.0,51240.0,47501
2020-01-31,50840.0,51150.0,50840.0,50980.0,68031
2020-02-03,50360.0,51020.0,48630.0,51020.0,46572
2020-02-04,50800.0,51020.0,50140.0,50710.0,17035
2020-02-05,50360.0,51020.0,50360.0,50800.0,26392
2020-02-06,50800.0,51640.0,50580.0,51590.0,86919
2020-02-07,51240.0,54330.0,51240.0,53890.0,39939
2020-02-10,54550.0,57870.0,54330.0,54990.0,51120
2020-02-11,53890.0,56980.0,53890.0,56810.0,39797
2020-02-12,56760.0,57820.0,56760.0,57420.0,57177
2020-02-13,57650.0,57650.0,56100.0,57030.0,17948
2020-02-14,57420.0,57420.0,56540.0,56540.0,18694
2020-02-17,56980.0,56980.0,55880.0,56410.0,18164
2020-02-18,56500.0,56500.0,55220.0,55220.0,10130
2020-02-19,55220.0,56980.0,55220.0,56980.0,21650
2020-02-20,56980.0,57070.0,55880.0,56540.0,22179
2020-02-21,56140.0,56540.0,55440.0,55610.0,26155
2020-02-24,55440.0,55440.0,54160.0,54330.0,100459
2020-02-25,54330.0,54420.0,52570.0,53710.0,32135
2020-02-26,53450.0,53800.0,53050.0,53230.0,21981
2020-02-27,53100.0,53450.0,52790.0,53010.0,20326
2020-02-28,52570.0,52790.0,51990.0,52520.0,70980
2020-03-02,52520.0,52520.0,51680.0,51950.0,14520
2020-03-03,51900.0,52390.0,50140.0,51900.0,87332
2020-03-04,50800.0,51900.0,50360.0,51680.0,60967
2020-03-05,51200.0,54550.0,51200.0,52610.0,21083
2020-03-06,53230.0,53670.0,52570.0,53010.0,20303
2020-03-09,51240.0,51680.0,47930.0,50090.0,62430
2020-03-10,50050.0,52080.0,49520.0,50360.0,60576
2020-03-11,52120.0,52120.0,49520.0,49920.0,17080
2020-03-12,49470.0,49470.0,44660.0,47710.0,44178
2020-03-13,45540.0,47710.0,41960.0,46820.0,66784
2020-03-16,46380.0,46600.0,45720.0,45720.0,51550
2020-03-17,44170.0,46380.0,43950.0,46380.0,33075
2020-03-18,46380.0,46820.0,45760.0,46160.0,17090
2020-03-19,45940.0,46120.0,44840.0,45940.0,18530
2020-03-20,44970.0,45500.0,44000.0,45450.0,58575
2020-03-23,44170.0,44170.0,37770.0,37770.0,91409
2020-03-24,37770.0,43690.0,36220.0,43690.0,146211
2020-03-25,43690.0,44310.0,42450.0,44310.0,151520
2020-03-26,44840.0,46820.0,43730.0,45500.0,107282
2020-03-27,45060.0,45500.0,44700.0,45280.0,54694
2020-03-30,44840.0,45060.0,43290.0,45060.0,51495
2020-03-31,45100.0,47260.0,44080.0,46380.0,57549
2020-04-01,46380.0,48550.0,46290.0,47620.0,38119
2020-04-03,48150.0,48150.0,47180.0,47880.0,29880
2020-04-06,48590.0,49250.0,47930.0,48810.0,80344
2020-04-07,49030.0,49030.0,47260.0,48460.0,33231
2020-04-08,48590.0,48810.0,47710.0,48240.0,31835
2020-04-09,48370.0,50800.0,48370.0,50270.0,158715
2020-04-10,50180.0,50180.0,49030.0,49250.0,65500
2020-04-13,49430.0,49470.0,48190.0,48590.0,79362
2020-04-14,49470.0,50800.0,48150.0,48940.0,88880
2020-04-15,49470.0,49470.0,48500.0,48810.0,61547
2020-04-16,48810.0,50050.0,48150.0,49690.0,66174
2020-04-17,53010.0,53010.0,50140.0,52080.0,62694
2020-04-20,52120.0,53010.0,51060.0,53010.0,73863
2020-04-21,52120.0,52790.0,50800.0,51900.0,101216
2020-04-22,51240.0,52960.0,50050.0,52650.0,53064
2020-04-23,52120.0,55220.0,52120.0,54730.0,67899
2020-04-24,54770.0,55220.0,53710.0,55080.0,70865
2020-04-27,55170.0,55220.0,54510.0,54860.0,33748
2020-04-28,54910.0,55440.0,54110.0,55260.0,65008
2020-04-29,55130.0,55480.0,55080.0,55220.0,65242
2020-05-04,55220.0,55660.0,54330.0,54730.0,60237
2020-05-05,55220.0,55220.0,53230.0,54330.0,28906
2020-05-06,54330.0,55170.0,54330.0,54950.0,22311
2020-05-07,55220.0,55660.0,54770.0,55170.0,65298
2020-05-08,55220.0,55440.0,54420.0,55440.0,69213
2020-05-11,55440.0,55660.0,54860.0,55660.0,120854
2020-05-12,50360.0,55660.0,50360.0,55170.0,73592
2020-05-13,54990.0,55880.0,54380.0,55830.0,70457
2020-05-14,55440.0,55660.0,55220.0,55440.0,29645
2020-05-15,55440.0,55660.0,54820.0,55130.0,20580
2020-05-18,55260.0,55300.0,54990.0,55220.0,22407
2020-05-19,55220.0,57420.0,55220.0,55660.0,62355
2020-05-20,55920.0,56230.0,55660.0,55880.0,49347
2020-05-21,55920.0,56940.0,55660.0,55880.0,28469
2020-05-22,56100.0,56100.0,55220.0,55220.0,39667
2020-05-25,55220.0,55660.0,55130.0,55660.0,61849
2020-05-26,55660.0,56100.0,55440.0,56060.0,82265
2020-05-27,56060.0,60520.0,55970.0,59410.0,103152
2020-05-28,60070.0,60070.0,58310.0,58310.0,101359
2020-05-29,59540.0,59630.0,59010.0,59100.0,37157
2020-06-01,59540.0,60070.0,59190.0,59590.0,44075
2020-06-02,60030.0,60030.0,58970.0,59060.0,38315
2020-06-03,59810.0,59810.0,58750.0,59150.0,34952
2020-06-04,58750.0,58790.0,56540.0,57870.0,99425
2020-06-05,57870.0,59410.0,57420.0,58880.0,23594
2020-06-08,58880.0,59630.0,58790.0,59370.0,30970
2020-06-09,59410.0,61270.0,58750.0,60910.0,99640
2020-06-10,61130.0,61840.0,60870.0,61840.0,65227
2020-06-11,61620.0,64050.0,59630.0,60520.0,95136
2020-06-12,57420.0,61840.0,56540.0,61840.0,67046
2020-06-15,59410.0,61400.0,59410.0,59900.0,38235
2020-06-16,60070.0,60960.0,60070.0,60740.0,30850
2020-06-17,61400.0,61400.0,60520.0,60740.0,22618
2020-06-18,60520.0,60740.0,59630.0,60120.0,33307
2020-06-19,60070.0,60120.0,59500.0,59500.0,71367
2020-06-22,59770.0,60070.0,59460.0,59460.0,11761
2020-06-23,60070.0,60070.0,59190.0,59190.0,15006
2020-06-24,59190.0,60070.0,58970.0,59190.0,24550
2020-06-25,59280.0,60070.0,59010.0,60070.0,32830
2020-06-26,59410.0,60520.0,59410.0,59990.0,25955
2020-06-29,59190.0,59940.0,59190.0,59410.0,39796
2020-06-30,59990.0,59990.0,59190.0,59540.0,23587
2020-07-01,57870.0,60070.0,57870.0,59190.0,29361
2020-07-02,59680.0,61180.0,59240.0,61180.0,25440
2020-07-03,59940.0,60960.0,59940.0,60740.0,36479
2020-07-06,60120.0,61050.0,60120.0,60520.0,14330
2020-07-07,60910.0,60960.0,60210.0,60520.0,8764
2020-07-08,60070.0,60740.0,60070.0,60600.0,37726
2020-07-09,60780.0,60910.0,60520.0,60650.0,17638
2020-07-10,60650.0,60960.0,60520.0,60910.0,22836
2020-07-13,60960.0,61130.0,60740.0,60960.0,32151
2020-07-14,60520.0,60960.0,60160.0,60780.0,13312
2020-07-15,60830.0,61000.0,60600.0,60600.0,16034
2020-07-16,60520.0,60560.0,60380.0,60520.0,3320
2020-07-17,60560.0,60560.0,60070.0,60070.0,18757
2020-07-20,60070.0,60960.0,60070.0,60520.0,21152
2020-07-21,60520.0,60520.0,60300.0,60470.0,8359
2020-07-22,60470.0,60470.0,59410.0,59630.0,20389
2020-07-23,59630.0,59810.0,59190.0,59240.0,19494
2020-07-24,59190.0,60030.0,57420.0,58310.0,49470
2020-07-27,57420.0,57870.0,55220.0,56100.0,50657
2020-07-28,56230.0,57420.0,56230.0,57340.0,31998
2020-07-29,55920.0,56100.0,54330.0,55610.0,24427
2020-07-30,55660.0,55660.0,55220.0,55440.0,5584
2020-07-31,55530.0,57510.0,54550.0,56280.0,54219
2020-08-03,57420.0,57870.0,56140.0,56980.0,31135
2020-08-04,56980.0,57650.0,56540.0,56540.0,24936
2020-08-05,57030.0,57030.0,55660.0,55660.0,121264
2020-08-06,56140.0,56140.0,55350.0,55350.0,77007
2020-08-07,55480.0,56850.0,55480.0,56500.0,58703
2020-08-10,56100.0,56280.0,48590.0,55660.0,60784
2020-08-11,55570.0,56100.0,55220.0,56100.0,50279
2020-08-12,55570.0,56980.0,55570.0,56320.0,36726
2020-08-13,55880.0,56540.0,55880.0,56540.0,46030
2020-08-14,56540.0,59590.0,56540.0,58530.0,160283
2020-08-17,61400.0,62730.0,59630.0,61220.0,219796
2020-08-18,61840.0,63390.0,61620.0,63390.0,95628
2020-08-19,63390.0,63390.0,61890.0,62550.0,91767
2020-08-20,62730.0,63120.0,61840.0,62110.0,73273
2020-08-21,62370.0,62500.0,60740.0,61090.0,151941
2020-08-24,64050.0,64050.0,61090.0,62330.0,127657
2020-08-25,68420.0,71530.0,66240.0,67170.0,375156
2020-08-26,67800.0,71530.0,64690.0,65310.0,164502
2020-08-27,65310.0,65930.0,63440.0,65870.0,196640
2020-08-28,65620.0,66550.0,65000.0,66240.0,188155
2020-08-31,66240.0,66240.0,65370.00000000001,65870.0,90676
2020-09-01,65930.0,65930.0,65180.00000000001,65310.0,57206
2020-09-03,65310.0,65870.0,64690.0,65560.0,70318
2020-09-04,65310.0,65800.0,64690.0,65680.0,163260
2020-09-07,65930.0,65930.0,65060.0,65060.0,41335
2020-09-08,64690.0,65310.0,64560.0,64620.00000000001,53487
2020-09-09,64750.0,64750.0,63630.0,64370.00000000001,111548
2020-09-10,63440.0,65000.0,63440.0,64690.0,28191
2020-09-11,65310.0,65310.0,64690.0,65180.00000000001,79404
2020-09-14,65310.0,65310.0,64310.0,64690.0,48810
2020-09-15,64690.0,65310.0,64560.0,64690.0,29190
2020-09-16,64690.0,65250.0,64560.0,65000.0,53731
2020-09-17,64930.00000000001,64930.00000000001,64560.0,64690.0,23185
2020-09-18,64690.0,64690.0,63940.0,64370.00000000001,83192
2020-09-21,64620.00000000001,65310.0,64060.0,64690.0,76691
2020-09-22,64690.0,64690.0,64060.0,64370.00000000001,20528
2020-09-23,64370.00000000001,64620.00000000001,64250.0,64370.00000000001,46023
2020-09-24,64560.0,64690.0,64440.0,64620.00000000001,49250
2020-09-25,64060.0,64560.0,64060.0,64560.0,67561
2020-09-28,64560.0,64690.0,62200.0,63750.0,136795
2020-09-29,64060.0,65930.0,64060.0,65489.99999999999,255176
2020-09-30,65489.99999999999,69660.0,65250.0,69350.0,292339
2020-10-01,69470.0,74640.0,67800.0,68360.0,214876
2020-10-02,68420.0,68980.0,65930.0,67170.0,215982
2020-10-05,67300.0,71530.0,66860.0,67170.0,155000
2020-10-06,67800.0,67800.0,66550.0,66610.0,187800
2020-10-07,66920.0,70280.0,66240.0,66610.0,92300
2020-10-08,66680.0,67800.0,66430.0,66740.0,141700
2020-10-09,66740.0,67670.0,66610.0,67670.0,90900
2020-10-12,67360.0,67360.0,65620.0,65930.0,166800
2020-10-13,65930.0,66120.0,65680.0,66050.0,53800
2020-10-14,66490.0,66490.0,65430.00000000001,65620.0,97000
2020-10-15,65740.0,66180.0,65740.0,66180.0,85800
2020-10-16,66240.0,67480.0,66240.0,67360.0,178000
2020-10-19,67360.0,67360.0,66430.0,67240.0,161700
2020-10-20,66860.0,67480.0,66740.0,67240.0,106600
2020-10-21,67170.0,67550.0,66800.0,66800.0,31300
2020-10-22,66550.0,66550.0,66050.0,66300.0,44500
2020-10-23,66240.0,67240.0,66180.0,67110.0,90700
2020-10-26,67170.0,67170.0,66300.0,66300.0,35700
2020-10-27,66550.0,67170.0,66300.0,66360.0,54500
2020-10-28,66550.0,66920.0,65560.0,65930.0,82000
2020-10-29,65620.0,65990.0,65430.00000000001,65620.0,39400
2020-10-30,66550.0,67800.0,66550.0,67170.0,87500
2020-11-02,66240.0,66550.0,66120.0,66550.0,83800
2020-11-03,66860.0,66860.0,66240.0,66490.0,56200
2020-11-04,66360.0,67300.0,66360.0,67170.0,87200
2020-11-05,67170.0,67170.0,66860.0,67170.0,30000
2020-11-06,67050.0,67550.0,66860.0,67420.0,102600
2020-11-09,68420.0,69040.0,68040.0,68480.0,91500
2020-11-10,68480.0,68980.0,67800.0,67800.0,40300
2020-11-11,67800.0,67800.0,66490.0,66550.0,116900
2020-11-12,66490.0,66490.0,65310.0,66240.0,188900
2020-11-13,66300.0,68420.0,66300.0,67300.0,60200
2020-11-16,67170.0,67480.0,66490.0,67050.0,77100
2020-11-17,66920.0,67480.0,66860.0,67480.0,109300
2020-11-18,67170.0,67300.0,66920.0,67170.0,43700
2020-11-19,66990.0,67300.0,66860.0,67240.0,95500
2020-11-20,67170.0,67800.0,67170.0,67420.0,99400
2020-11-23,67800.0,71530.0,67420.0,70910.0,367400
2020-11-24,70910.0,71840.0,69660.0,70280.0,231700
2020-11-25,70910.0,70910.0,69040.0,69040.0,88400
2020-11-26,70590.0,70590.0,67300.0,67860.0,66300
2020-11-27,69660.0,69660.0,67730.0,68110.0,52800
2020-11-30,68420.0,68420.0,67730.0,68360.0,64500
2020-12-01,65930.0,68110.0,65620.0,67800.0,64400
2020-12-02,68110.0,69350.0,67480.0,69290.0,147200
2020-12-03,68910.0,68910.0,67800.0,68420.0,81500
2020-12-04,67800.0,68480.0,67610.0,68420.0,106800
2020-12-07,68290.0,69040.0,67800.0,68290.0,55500
2020-12-08,68420.0,69040.0,67670.0,67920.0,117500
2020-12-09,68420.0,68420.0,67670.0,68110.0,77600
2020-12-10,67800.0,68420.0,67800.0,68170.0,59200
2020-12-11,68110.0,68110.0,67800.0,67860.0,129317
2020-12-14,68420.0,69660.0,68110.0,68600.0,173180
2020-12-15,68420.0,69470.0,68420.0,68420.0,131643
2020-12-16,68420.0,68730.0,68290.0,68420.0,110164
2020-12-17,68290.0,68290.0,66990.0,67240.0,243100
2020-12-18,67170.0,67800.0,66860.0,67170.0,68420
2020-12-21,67170.0,67980.0,66800.0,67860.0,52395
2020-12-22,67300.0,67480.0,66550.0,67420.0,237009
2020-12-23,67480.0,68110.0,67170.0,67610.0,82118
2020-12-24,67300.0,67550.0,66240.0,66920.0,75900
2020-12-25,66550.0,67170.0,66550.0,67170.0,36711
2020-12-28,66860.0,67170.0,66550.0,67110.0,86510
2020-12-29,67050.0,67360.0,66860.0,67170.0,58292
2020-12-30,67170.0,67800.0,67170.0,67730.0,62297
2020-12-31,67730.0,67860.0,66860.0,67480.0,70894
2021-01-04,67480.0,67670.0,66740.0,66920.0,208781
2021-01-05,66920.0,67300.0,66610.0,67050.0,129066
2021-01-06,66990.0,67110.0,66740.0,66990.0,136280
2021-01-07,67050.0,67050.0,66550.0,66550.0,202224
2021-01-08,67050.0,67170.0,66800.0,66920.0,175762
2021-01-11,67050.0,72090.0,66920.0,69970.0,928039
2021-01-12,70910.0,73390.0,70030.0,72460.0,361575
2021-01-13,72150.0,74510.0,72150.0,72210.0,169051
2021-01-14,72210.0,72460.0,70590.0,71340.0,330630
2021-01-15,71530.0,71840.0,68420.0,69160.0,367209
2021-01-18,69660.0,71400.0,68480.0,69720.0,204174
2021-01-19,69660.0,70840.0,65310.0,67050.0,401329
2021-01-20,66740.0,67550.0,62140.0,66550.0,334170
2021-01-21,67480.0,67800.0,65930.0,66860.0,272241
2021-01-22,66610.0,66860.0,65990.0,66240.0,365303
2021-01-25,66360.0,66680.0,66050.0,66360.0,216255
2021-01-26,66300.0,66300.0,62820.0,64060.0,360631
2021-01-27,64870.00000000001,64870.00000000001,61890.0,61890.0,318251
2021-01-28,61890.0,61950.0,54110.0,55980.0,428410
2021-01-29,56290.0,63810.0,55980.0,63630.0,189591
2021-02-01,63630.0,64620.00000000001,61950.0,62820.0,98541
2021-02-02,62200.0,62820.0,59090.0,62820.0,96894
2021-02-03,62820.0,62820.0,61260.0,61640.0,251896
2021-02-04,61700.0,61760.0,59340.0,60330.0,490153
2021-02-05,60950.0,60950.0,60460.0,60950.0,34253
2021-02-08,60950.0,61580.0,57220.0,57590.0,273532
2021-02-09,57840.0,60640.0,57840.0,60210.0,189833
2021-02-17,60330.0,61260.0,60330.0,61200.0,71438
2021-02-18,61260.0,61760.0,60950.0,61020.0,165698
2021-02-19,61260.0,61260.0,60640.0,60770.0,103370
2021-02-22,60950.0,60950.0,60580.0,60700.0,116991
2021-02-23,59900.0,60640.0,59900.0,60210.0,136729
2021-02-24,60330.0,60640.0,60020.0,60020.0,106903
2021-02-25,60210.0,60390.0,59400.0,59400.0,145595
2021-02-26,59400.0,60770.0,59090.0,60640.0,188972
2021-03-01,60640.0,61140.0,59830.0,60080.0,105601
2021-03-02,60830.0,61080.0,59830.0,59830.0,121379
2021-03-03,59900.0,60210.0,59590.0,59710.0,206647
2021-03-04,59770.0,60020.0,58900.0,58900.0,219713
2021-03-05,59090.0,59340.0,58220.0,58400.0,331269
2021-03-08,58470.0,58840.0,57410.0,57840.0,336110
2021-03-09,57840.0,57910.0,56100.0,56600.0,309117
2021-03-10,56720.0,57160.0,56040.0,56600.0,486323
2021-03-11,56600.0,57720.0,56350.0,56540.0,508188
2021-03-12,56600.0,58470.0,56600.0,57040.0,665119
2021-03-15,57530.0,59900.0,57530.0,58590.0,388445
2021-03-16,59090.0,59090.0,57530.0,57780.0,474479
2021-03-17,57780.0,57840.0,56910.0,57100.0,408567
2021-03-18,57220.0,57840.0,57100.0,57100.0,317543
2021-03-19,57220.0,57840.0,56600.0,57780.0,222579
2021-03-22,57410.0,58030.0,56600.0,56720.0,293202
2021-03-23,57530.0,57530.0,56410.0,56720.0,224553
2021-03-24,56720.0,56720.0,55420.0,55790.0,348815
2021-03-25,55980.0,55980.0,54550.0,55360.0,298282
2021-03-26,55360.0,55360.0,54110.0,54730.0,228786
2021-03-29,54860.0,54860.0,53050.0,53300.0,321196
2021-03-30,53490.0,53490.0,51310.0,53300.0,506547
2021-03-31,53300.0,55980.0,52870.0,55980.0,556943
2021-04-01,55980.0,56540.0,55600.0,55920.0,268927
2021-04-02,55980.0,55980.0,54110.0,54610.0,254759
2021-04-05,54730.0,55670.0,53740.0,53990.0,357494
2021-04-06,54240.0,55040.0,54240.0,54920.0,439983
2021-04-07,54920.0,55360.0,54420.0,54670.0,278409
2021-04-08,54670.0,55230.0,54240.0,54300.0,174049
2021-04-09,54670.0,54670.0,53550.0,53740.0,297387
2021-04-12,53740.0,54420.0,53180.0,53430.0,272923
2021-04-13,53430.0,53430.0,51690.0,51870.0,525575
2021-04-14,51870.0,52810.0,50880.0,52430.0,251254
2021-04-15,52430.0,53800.0,51440.0,52250.0,526424
2021-04-16,52490.0,52490.0,51310.0,51380.0,349670
2021-04-19,51560.0,51620.0,51060.0,51560.0,194771
2021-04-20,51560.0,52680.0,51380.0,51440.0,344962
2021-04-22,51500.0,52120.0,49760.0,49940.0,291346
2021-04-23,50750.0,52120.0,49820.0,51310.0,385684
2021-04-26,51380.0,52250.0,50380.0,50380.0,274096
2021-04-27,51130.0,51310.0,50070.0,50190.0,118948
2021-04-28,50190.0,50500.0,49760.0,50130.0,196812
2021-04-29,50380.0,50380.0,49820.0,50190.0,103088
2021-05-04,50130.0,50130.0,48640.0,50070.0,409500
2021-05-05,49760.0,54490.0,49760.0,53180.0,559582
2021-05-06,53120.0,55670.0,52930.0,55360.0,941194
2021-05-07,55360.0,57220.0,54920.0,56040.0,569081
2021-05-10,56160.0,56160.0,53990.0,55600.0,260361
2021-05-11,55110.0,55600.0,54860.0,54920.0,168643
2021-05-12,54860.0,54860.0,53740.0,54110.0,253391
2021-05-13,53990.0,54300.0,52060.0,52250.0,297201
2021-05-14,52120.0,54300.0,52120.0,53180.0,96576
2021-05-17,53240.0,53930.0,52870.0,52990.0,102180
2021-05-18,53180.0,53180.0,52000.0,52490.0,102002
2021-05-19,52490.0,52680.0,52250.0,52680.0,103181
2021-05-20,52680.0,53240.0,52370.0,53240.0,124562
2021-05-21,53300.0,54730.0,53300.0,54110.0,225232
2021-05-24,54170.0,56480.0,54170.0,56480.0,360636
2021-05-25,59090.0,59090.0,56410.0,58280.0,598251
2021-05-26,58280.0,59150.0,56910.0,57910.0,378372
2021-05-27,58530.0,58710.0,57410.0,57590.0,250891
2021-05-28,57590.0,57840.0,55980.0,56910.0,236946
2021-05-31,57220.0,57220.0,55360.0,56600.0,277033
2021-06-01,56290.0,56660.0,55230.0,56540.0,158010
2021-06-02,56290.0,58030.0,55360.0,57720.0,333593
2021-06-03,57660.0,58590.0,57660.0,58530.0,334801
2021-06-04,58530.0,60580.0,57970.0,60390.0,617628
2021-06-07,60390.0,61580.0,59590.0,61450.0,577161
2021-06-08,61580.0,62200.0,59090.0,60330.0,456328
2021-06-09,60020.0,60330.0,58780.0,59650.0,159447
2021-06-10,60330.0,61260.0,60330.0,60950.0,218679
2021-06-11,60950.0,64370.00000000001,60950.0,64000.0,402066
2021-06-14,64190.0,65000.0,64060.0,64370.00000000001,211832
2021-06-15,64370.00000000001,64440.0,62200.0,63750.0,208857
2021-06-16,63750.0,64060.0,63440.0,63810.0,154571
2021-06-17,63750.0,64060.0,54110.0,63500.0,471754
2021-06-18,68480.0,70050.0,65090.0,65330.0,495144
2021-06-21,66120.0,66350.0,64069.99999999999,64390.0,471045
2021-06-22,65330.0,66200.0,64940.0,66040.0,255950
2021-06-23,66040.0,66430.0,65019.99999999999,65250.0,116847
2021-06-24,65250.0,66120.0,64860.0,65170.0,72693
2021-06-25,64700.0,65250.0,64540.00000000001,65170.0,114003
2021-06-28,65250.0,65330.0,64540.00000000001,64620.00000000001,87976
2021-06-29,64620.00000000001,64780.0,64540.00000000001,64620.00000000001,85665
2021-06-30,64620.00000000001,65330.0,64459.99999999999,64860.0,68435
2021-07-01,65170.0,65170.0,64540.00000000001,64700.0,78168
2021-07-02,64940.0,66120.0,64700.0,65170.0,176186
2021-07-05,65489.99999999999,66350.0,65170.0,65960.0,348653
2021-07-06,65960.0,66430.0,65330.0,65330.0,232643
2021-07-07,64700.0,65170.0,63760.0,64700.0,189632
2021-07-08,64620.00000000001,64860.0,64310.0,64390.0,93349
2021-07-09,64230.00000000001,65090.0,63600.0,64540.00000000001,93772
2021-07-12,64230.00000000001,64230.00000000001,61240.0,63130.0,209019
2021-07-13,63050.0,63050.0,61240.0,62970.0,79893
2021-07-14,62580.0,62970.0,60610.0,61870.0,73451
2021-07-15,61470.0,62420.0,61390.0,62420.0,39033
2021-07-16,62580.0,65330.0,62580.0,64860.0,167008
2021-07-19,64150.00000000001,66040.0,63990.0,65019.99999999999,209564
2021-07-20,65090.0,65880.0,64540.00000000001,65720.0,206250
2021-07-21,65330.0,65800.0,65330.0,65650.0,137974
2021-07-22,65570.0,65880.0,65410.0,65720.0,167749
2021-07-23,65960.0,66120.0,65250.0,65330.0,135926
2021-07-26,65330.0,66830.0,65090.0,66510.0,287738
2021-07-27,66430.0,70370.0,66430.0,70050.0,513505
2021-07-28,70050.0,71470.0,69900.0,70920.0,244309
2021-07-29,70840.0,70840.0,68950.0,69030.0,185080
2021-07-30,69270.0,70450.0,68480.0,69580.0,218006
2021-08-02,68870.0,69270.0,66900.0,68560.0,249732
2021-08-03,68400.0,69190.0,67770.0,68320.0,243731
2021-08-04,68320.0,68400.0,67770.0,68010.0,221099
2021-08-05,67770.0,67850.0,66900.0,67530.0,229621
2021-08-06,67610.0,67610.0,66510.0,66670.0,238350
2021-08-09,66430.0,69190.0,66430.0,67690.0,218683
2021-08-10,67060.0,67930.0,66510.0,67530.0,201294
2021-08-11,67300.0,68870.0,66900.0,68560.0,285729
2021-08-12,68240.0,68480.0,67610.0,67690.0,119268
2021-08-13,66900.0,67690.0,66900.0,67060.0,128207
2021-08-16,67300.0,67300.0,66510.0,66750.0,221455
2021-08-17,66750.0,66900.0,65650.0,66120.0,306634
2021-08-18,65720.0,65800.0,64310.0,64780.0,358858
2021-08-19,64540.00000000001,65250.0,64390.0,64540.00000000001,252047
2021-08-20,64780.0,64780.0,62810.0,63050.0,363059
2021-08-23,62180.0,63130.0,62180.0,62420.0,169158
2021-08-24,62580.0,62970.0,62420.0,62810.0,137189
2021-08-25,63130.0,64700.0,62580.0,64540.00000000001,138935
2021-08-26,64540.00000000001,64940.0,63360.0,64150.00000000001,94567
2021-08-27,64150.00000000001,64540.00000000001,62180.0,64540.00000000001,95979
2021-08-30,64150.00000000001,64700.0,63680.0,64459.99999999999,103974
2021-08-31,64459.99999999999,64700.0,63760.0,64150.00000000001,98830
2021-09-01,63990.0,64390.0,63600.0,64310.0,60816
2021-09-06,64310.0,65960.0,64310.0,65720.0,174834
2021-09-07,65720.0,68240.0,65720.0,67060.0,249143
2021-09-08,66830.0,66900.0,66120.0,66510.0,89648
2021-09-09,66510.0,66590.0,66120.0,66430.0,93174
2021-09-10,66350.0,66430.0,65250.0,65720.0,131755
2021-09-13,65720.0,65720.0,64700.0,64860.0,113984
2021-09-14,64940.0,64940.0,63910.0,64540.00000000001,126736
2021-09-15,64390.0,64390.0,63520.0,64150.00000000001,60839
2021-09-16,64540.00000000001,64940.0,63830.0,64940.0,66160
2021-09-17,64540.00000000001,65019.99999999999,64230.00000000001,64700.0,63446
2021-09-20,64700.0,64940.0,64459.99999999999,64620.00000000001,85610
2021-09-21,62970.0,64540.00000000001,62970.0,63990.0,138513
2021-09-22,64150.00000000001,64540.00000000001,63360.0,64150.00000000001,200805
2021-09-23,63760.0,65170.0,63680.0,64390.0,161746
2021-09-24,64069.99999999999,64540.00000000001,63760.0,63910.0,43985
2021-09-27,64069.99999999999,64540.00000000001,63440.0,63760.0,44366
2021-09-28,63680.0,64069.99999999999,63200.0,63760.0,36942
2021-09-29,63760.0,63760.0,63440.0,63440.0,39261
2021-09-30,63680.0,64150.00000000001,63600.0,63990.0,88016
2021-10-01,64459.99999999999,64459.99999999999,63440.0,63600.0,108846
2021-10-04,63760.0,65720.0,63680.0,65410.0,332064
2021-10-05,65090.0,65880.0,65090.0,65800.0,144648
2021-10-06,66120.0,66120.0,65410.0,65960.0,134803
2021-10-07,65960.0,65960.0,65650.0,65880.0,160428
2021-10-08,65650.0,65650.0,65170.0,65410.0,116684
2021-10-11,65489.99999999999,65489.99999999999,64940.0,65090.0,86448
2021-10-12,64780.0,65410.0,64700.0,64780.0,86780
2021-10-13,65330.0,65330.0,64390.0,64540.00000000001,64036
2021-10-14,64540.00000000001,64540.00000000001,63830.0,64230.00000000001,261013
2021-10-15,64700.0,64700.0,63200.0,63760.0,345012
2021-10-18,63760.0,63760.0,62580.0,62730.0,388351
2021-10-19,62970.0,62970.0,62500.0,62650.0,297419
2021-10-20,62650.0,63360.0,62340.0,62500.0,277700
2021-10-21,62650.0,64069.99999999999,61950.0,62100.0,419078
2021-10-22,62180.0,62420.0,62100.0,62180.0,383256
2021-10-25,62180.0,62260.0,61550.0,62260.0,296910
2021-10-26,62180.0,62180.0,61710.0,61790.0,90965
2021-10-27,61870.0,62650.0,61630.0,62420.0,195780
2021-10-28,62420.0,63360.0,62420.0,63360.0,172964
2021-10-29,63760.0,64390.0,63130.0,64390.0,210806
2021-11-01,64459.99999999999,65330.0,63760.0,63760.0,225345
2021-11-02,63760.0,63760.0,62180.0,62340.0,556944
2021-11-03,62180.0,62890.0,62180.0,62260.0,227021
2021-11-04,62580.0,62890.0,62180.0,62890.0,74309
2021-11-05,62970.0,63440.0,62580.0,63050.0,86719
2021-11-08,63050.0,63200.0,62730.0,62970.0,110581
2021-11-09,62970.0,62970.0,62180.0,62650.0,164382
2021-11-10,62650.0,62970.0,62340.0,62420.0,92550
2021-11-11,62500.0,62650.0,62020.0,62180.0,178776
2021-11-12,62180.0,62580.0,61870.0,62580.0,186456
2021-11-15,62580.0,62730.0,62260.0,62420.0,103094
2021-11-16,62500.0,63050.0,62500.0,62650.0,134864
2021-11-17,62810.0,62810.0,62500.0,62650.0,90392
2021-11-18,62730.0,62730.0,62340.0,62340.0,95107
2021-11-19,62650.0,62650.0,61320.0,62020.0,155940
2021-11-22,62020.0,62100.0,61320.0,61390.0,118863
2021-11-23,61390.0,62970.0,61000.0,61870.0,30437
2021-11-24,61870.0,62500.0,61710.0,62180.0,81263
2021-11-25,62260.0,62340.0,61870.0,62340.0,83138
2021-11-26,62500.0,62650.0,62180.0,62420.0,176270
2021-11-29,62420.0,62500.0,61390.0,62020.0,74161
2021-11-30,61870.0,62180.0,61630.0,61630.0,114266
2021-12-01,61870.0,62100.0,61320.0,61550.0,75189
2021-12-02,61550.0,62180.0,61240.0,61390.0,138801
2021-12-03,61390.0,62020.0,60610.0,60690.0,128924
2021-12-06,60450.0,60610.0,57620.0,57770.0,168731
2021-12-07,59350.0,59820.0,58640.0,59350.0,94527
2021-12-08,59270.0,59900.0,57620.0,57700.0,100736
2021-12-09,58480.0,58480.0,57460.0,58320.0,139596
2021-12-10,58250.0,58640.0,57770.0,57850.0,75267
2021-12-13,58320.0,58720.0,57850.0,58090.0,100777
2021-12-14,58250.0,58480.0,57930.0,58090.0,108956
2021-12-15,58090.0,58880.0,57850.0,58880.0,129896
2021-12-16,58880.0,58880.0,58250.0,58720.0,63895
2021-12-17,58480.0,58950.0,58480.0,58880.0,124670
2021-12-20,59740.0,65019.99999999999,58480.0,59030.0,48496
2021-12-21,59510.0,59510.0,57460.0,59030.0,77858
2021-12-22,58800.0,58800.0,57460.0,57540.0,129797
2021-12-23,57540.0,58090.0,56280.0,56590.0,100371
2021-12-24,56670.0,57460.0,55960.0,56120.0,119829
2021-12-27,56280.0,56750.0,55880.0,56120.0,78140
2021-12-28,59030.0,59030.0,55650.0,55810.0,143602
2021-12-29,55490.0,57460.0,55260.0,56910.0,100129
2021-12-30,56910.0,57140.0,56360.0,56360.0,32407
2021-12-31,56440.0,58800.0,56440.0,58800.0,101988
2022-01-04,57460.0,58800.0,57460.0,57850.0,64515
2022-01-05,57770.0,58250.0,56990.0,57850.0,132767
2022-01-06,57850.0,57850.0,56440.0,56670.0,105568
2022-01-07,56670.0,56830.0,56440.0,56670.0,42390
2022-01-10,56670.0,56750.0,55410.0,55490.0,152059
2022-01-11,55330.0,55810.0,55100.0,55100.0,107033
2022-01-12,56670.0,57460.0,55100.0,56280.0,104310
2022-01-13,55960.0,55960.0,55100.0,55810.0,18350
2022-01-14,55180.0,55730.0,55100.0,55490.0,38186
2022-01-17,55410.0,55490.0,53520.0,53760.0,107803
2022-01-18,53760.0,53760.0,53440.0,53600.0,83693
2022-01-19,53520.0,53520.0,52740.0,52890.0,87659
2022-01-20,52890.0,54070.0,52660.0,54070.0,71266
2022-01-21,54070.0,54070.0,53050.0,53130.0,83539
2022-01-24,53130.0,53130.0,51870.0,51870.0,146002
2022-01-25,51950.0,52030.0,51080.0,51400.0,135494
2022-01-26,51560.0,51560.0,49900.0,51560.0,331119
2022-01-27,51560.0,52500.0,50380.0,50380.0,109356
2022-01-28,51080.0,52500.0,50300.0,52420.0,113576
2022-02-07,52420.0,52740.0,51240.0,52500.0,67285
2022-02-08,52890.0,54150.0,52740.0,54070.0,118032
2022-02-09,54150.0,55570.0,54150.0,55260.0,81355
2022-02-10,55180.0,55880.0,54150.0,55100.0,79764
2022-02-11,54310.0,54470.0,53920.0,53920.0,50991
2022-02-14,54000.0,55330.0,52820.0,55100.0,88353
2022-02-15,54860.0,55260.0,53600.0,54780.0,83699
2022-02-16,55100.0,55180.0,54630.0,55100.0,85238
2022-02-17,55020.0,55020.0,53520.0,54150.0,119359
2022-02-18,53920.0,54470.0,53920.0,54470.0,106162
2022-02-21,54470.0,55330.0,54150.0,55020.0,133805
2022-02-22,55100.0,55100.0,54000.0,54310.0,66045
2022-02-23,54310.0,54550.0,54070.0,54470.0,97055
2022-02-24,54390.0,54940.0,52580.0,53440.0,97890
2022-02-25,53370.0,53520.0,52970.0,53050.0,67161
2022-02-28,53290.0,53290.0,52030.0,52580.0,154641
2022-03-01,52580.0,52890.0,52110.0,52740.0,116860
2022-03-02,52340.0,52420.0,51630.0,51790.0,145564
2022-03-03,51790.0,52890.0,51630.0,52580.0,67584
2022-03-04,52110.0,52580.0,51630.0,51630.0,106873
2022-03-07,51400.0,52110.0,51000.0,51000.0,162461
2022-03-08,51160.0,51560.0,50690.0,51480.0,213075
2022-03-09,51790.0,52420.0,50690.0,51000.0,244841
2022-03-10,51080.0,53050.0,51080.0,52740.0,148473
2022-03-11,52740.0,53520.0,52740.0,52740.0,91128
2022-03-14,52740.0,52820.0,51630.0,52740.0,144524
2022-03-15,52740.0,52970.0,52260.0,52970.0,132815
2022-03-16,52970.0,55330.0,52970.0,55180.0,271131
2022-03-17,55260.0,57070.0,55260.0,56990.0,279830
2022-03-18,56990.0,58400.0,56670.0,57220.0,256392
2022-03-21,57460.0,58010.0,56040.0,57850.0,193624
2022-03-22,57380.0,57380.0,56280.0,56670.0,156926
2022-03-23,56670.0,58170.0,56200.0,57220.0,190991
2022-03-24,57300.0,60760.0,57300.0,60610.0,510354
2022-03-25,60530.0,63440.0,60450.0,62810.0,1043912
2022-03-28,62810.0,64540.00000000001,62810.0,64459.99999999999,635430
2022-03-29,63990.0,64459.99999999999,63130.0,63990.0,394432
2022-03-30,63830.0,64540.00000000001,62970.0,63830.0,486869
2022-03-31,63050.0,64150.00000000001,62890.0,63600.0,366758
2022-04-01,63050.0,64150.00000000001,62810.0,63520.0,692359
2022-04-04,63360.0,66430.0,63360.0,65880.0,497449
2022-04-05,66120.0,66350.0,64940.0,65489.99999999999,152615
2022-04-06,65410.0,65650.0,63520.0,65489.99999999999,253724
2022-04-07,63760.0,66040.0,63680.0,64390.0,199719
2022-04-08,64540.00000000001,64780.0,60610.0,61790.0,435388
2022-04-12,62180.0,62810.0,59980.0,60760.0,235235
2022-04-13,60920.0,63680.0,58640.0,62180.0,422610
2022-04-14,60840.0,65170.0,60840.0,64540.00000000001,906606
2022-04-15,63760.0,66200.0,63760.0,65650.0,563176
2022-04-18,65650.0,66900.0,63910.0,64540.00000000001,559820
2022-04-19,64540.00000000001,66900.0,63760.0,65650.0,995402
2022-04-20,65250.0,66670.0,62970.0,64150.00000000001,584520
2022-04-21,63360.0,66120.0,61000.0,63280.0,396468
2022-04-22,63050.0,64069.99999999999,56670.0,59430.0,707222
2022-04-25,59430.0,60450.0,52030.0,54310.0,528156
2022-04-26,54550.0,56590.0,51160.0,55100.0,339626
2022-04-27,56200.0,58250.0,55880.0,56670.0,206041
2022-04-28,57220.0,59820.0,57220.0,58250.0,249222
2022-04-29,58480.0,59740.0,57300.0,59430.0,455180
2022-05-04,59350.0,59350.0,56590.0,57300.0,143183
2022-05-05,57070.0,58880.0,54940.0,56670.0,346781
2022-05-06,55880.0,55880.0,53520.0,54150.0,203719
2022-05-09,54230.0,54230.0,48330.0,50450.0,429604
2022-05-10,50140.0,57460.0,48800.0,50140.0,256740
2022-05-11,55100.0,55730.0,53130.0,50140.0,129326
2022-05-12,54070.0,56670.0,51950.0,50140.0,273303
2022-05-13,53130.0,54780.0,50300.0,51160.0,204645
2022-05-16,52340.0,55490.0,52340.0,53290.0,240326
2022-05-17,54630.0,54940.0,52420.0,54780.0,592680
2022-05-18,53760.0,55100.0,52580.0,54700.0,259195
2022-05-19,53440.0,54310.0,51790.0,51790.0,281149
2022-05-20,52660.0,53440.0,51160.0,52740.0,682479
2022-05-23,51630.0,54550.0,50450.0,52740.0,446774
2022-05-24,52260.0,53760.0,51080.0,52740.0,320100
2022-05-25,52260.0,52660.0,51160.0,52420.0,520863
2022-05-26,51790.0,55100.0,51790.0,54150.0,793741
2022-05-27,53760.0,56590.0,53760.0,55730.0,463517
2022-05-30,55730.0,56040.0,54630.0,55260.0,313752
2022-05-31,55020.0,55570.0,53920.0,53920.0,319519
2022-06-01,53520.0,54230.0,52660.0,53520.0,444940
2022-06-02,53210.0,54230.0,52660.0,53050.0,392733
2022-06-03,53130.0,54310.0,52660.0,53370.0,330949
2022-06-06,53130.0,54940.0,53050.0,54000.0,514007
2022-06-07,54310.0,54630.0,52740.0,54150.0,327201
2022-06-08,53290.0,54550.0,53210.0,54230.0,535987
2022-06-09,54310.0,54550.0,53520.0,54000.0,321429
2022-06-10,53680.0,54230.0,52340.0,52500.0,434974
2022-06-13,52580.0,52580.0,49120.0,49510.0,580625
2022-06-14,49190.0,51160.0,48800.0,50770.0,417841
2022-06-15,50770.0,50770.0,47860.0,48960.0,369410
2022-06-16,50300.0,50300.0,48330.0,48800.0,270260
2022-06-17,48800.0,48800.0,45340.0,45730.0,386887
2022-06-20,45730.0,46280.0,40140.0,40300.0,821896
2022-06-21,40540.0,42500.0,39750.0,41320.0,283377
2022-06-22,41720.0,43210.0,40850.0,41870.0,133735
2022-06-23,41720.0,44870.0,41720.0,44080.0,233086
2022-06-24,43450.0,44630.0,42980.0,44080.0,206900
2022-06-27,44160.0,44710.0,43680.0,43840.0,28910
2022-06-28,41720.0,44870.0,41720.0,43210.0,152225
2022-06-29,43680.0,44470.0,42900.0,43610.0,252006
2022-06-30,43290.0,44470.0,42500.0,44000.0,117090
2022-07-01,44470.0,44870.0,42500.0,43760.0,172910
2022-07-04,41720.0,45650.0,41720.0,45570.0,263740
2022-07-05,44870.0,46680.0,44470.0,45180.0,157474
2022-07-06,45180.0,45570.0,42980.0,43920.0,155234
2022-07-07,43760.0,44080.0,42580.0,43290.0,154414
2022-07-08,43920.0,44390.0,42350.0,43610.0,285713
2022-07-11,44080.0,44160.0,42430.0,42430.0,218248
2022-07-12,43130.0,43290.0,42430.0,43210.0,168790
2022-07-13,43290.0,43680.0,42430.0,43290.0,198624
2022-07-14,43290.0,43450.0,42500.0,43210.0,265413
2022-07-15,43210.0,44550.0,42580.0,43920.0,328550
2022-07-18,44790.0,45260.0,43210.0,43680.0,309116
2022-07-19,43680.0,43760.0,42500.0,43050.0,283167
2022-07-20,42660.0,44390.0,42660.0,44390.0,373920
2022-07-21,43680.0,47460.0,43610.0,46600.0,582297
2022-07-22,46440.0,48010.0,45810.0,47150.0,424170
2022-07-25,46830.0,48800.0,45570.0,47620.0,563793
2022-07-26,46440.0,48250.0,46280.0,47620.0,550981
2022-07-27,48720.0,49510.0,46910.0,47860.0,367611
2022-07-28,47460.0,50060.0,47460.0,48010.0,473857
2022-07-29,48800.0,49510.0,47380.0,47860.0,194939
2022-08-01,48090.0,49510.0,46830.0,47620.0,374238
2022-08-02,47540.0,48010.0,46360.0,47070.0,441565
2022-08-03,46440.0,48330.0,46440.0,48170.0,328991
2022-08-04,48010.0,49190.0,48010.0,49040.0,580343
2022-08-05,48800.0,48800.0,48090.0,48250.0,294602
2022-08-08,47230.0,48410.0,47070.0,48330.0,209484
2022-08-09,48010.0,48800.0,47700.0,48250.0,209737
2022-08-10,48010.0,49980.0,48010.0,49430.0,432972
2022-08-11,49590.0,49590.0,47940.0,48010.0,211736
2022-08-12,48880.0,48880.0,47940.0,48560.0,211968
2022-08-15,48330.0,50770.0,48330.0,50690.0,778728
2022-08-16,51080.0,51080.0,49980.0,50300.0,239352
2022-08-17,50300.0,51320.0,50220.0,50690.0,441065
2022-08-18,50690.0,51320.0,49590.0,50140.0,324616
2022-08-19,49670.0,50690.0,48800.0,49900.0,186351
2022-08-22,49510.0,50060.0,48880.0,49980.0,314407
2022-08-23,49590.0,50380.0,49190.0,50300.0,162349
2022-08-24,50300.0,51950.0,50220.0,51790.0,638869
2022-08-25,51560.0,52740.0,51160.0,51630.0,265531
2022-08-26,51870.0,52500.0,51160.0,51870.0,412127
2022-08-29,49980.0,51160.0,48960.0,49590.0,322263
2022-08-30,50220.0,50530.0,49590.0,50220.0,135107
2022-08-31,50220.0,51160.0,49590.0,50930.0,267543
2022-09-05,50380.0,51790.0,50380.0,51160.0,129675
2022-09-06,50850.0,51790.0,50850.0,51560.0,140794
2022-09-07,50930.0,51710.0,48880.0,49590.0,250262
2022-09-08,49980.0,50380.0,49040.0,49040.0,284260
2022-09-09,49350.0,56670.0,48800.0,49670.0,302528
2022-09-12,50770.0,50770.0,48880.0,49750.0,512288
2022-09-13,49980.0,50380.0,48010.0,48800.0,350912
2022-09-14,48800.0,48800.0,46440.0,46830.0,415742
2022-09-15,46830.0,47780.0,45570.0,47460.0,542811
2022-09-16,46050.0,47620.0,46050.0,46280.0,110238
2022-09-19,46280.0,46440.0,44080.0,44390.0,185611
2022-09-20,45340.0,46050.0,45180.0,45180.0,131896
2022-09-21,44870.0,45650.0,44870.0,45420.0,27897
2022-09-22,45420.0,45730.0,44870.0,45650.0,98213
2022-09-23,45500.0,46600.0,45500.0,46120.0,83803
2022-09-26,44870.0,45810.0,44310.0,44790.0,203307
2022-09-27,44790.0,45420.0,44550.0,45100.0,118270
2022-09-28,44790.0,44870.0,42980.0,43290.0,187132
2022-09-29,43610.0,44310.0,43210.0,43210.0,101465
2022-09-30,42900.0,42900.0,40140.0,42660.0,303531
2022-10-03,42350.0,42740.0,40930.0,40930.0,101768
2022-10-04,40930.0,42430.0,40770.0,40850.0,166083
2022-10-05,42110.0,42190.0,41400.0,41720.0,50981
2022-10-06,41800.0,41800.0,40540.0,40610.0,72548
2022-10-07,40610.0,40610.0,36680.0,38570.0,146222
2022-10-10,38570.0,39750.0,36990.0,39430.0,91968
2022-10-11,39590.0,39590.0,37470.0,37470.0,90117
2022-10-12,38410.0,39040.0,37230.0,38730.0,96775
2022-10-13,38570.0,40540.0,37230.0,37390.0,186578
2022-10-14,38570.0,38570.0,37310.0,37700.0,219848
2022-10-17,36990.0,37780.0,36990.0,37470.0,68476
2022-10-18,37700.0,38570.0,37700.0,38410.0,81136
2022-10-19,42180.0,42180.0,38180.0,38720.0,111157
2022-10-20,39690.0,39690.0,38010.0,38090.0,50776
2022-10-21,38180.0,38180.0,35520.0,35520.0,216659
2022-10-24,35520.0,35790.0,32940.0,33390.0,192206
2022-10-25,33740.0,37300.0,31970.0,34010.0,261935
2022-10-26,33300.0,34190.0,28950.0,31970.0,110980
2022-10-27,32770.0,32860.0,31520.0,32409.999999999996,157844
2022-10-28,33650.0,33740.0,32500.0,32500.0,103686
2022-10-31,33480.0,33480.0,31700.0,32229.999999999996,110637
2022-11-01,32409.999999999996,32590.000000000004,31700.0,31970.0,110708
2022-11-02,31970.0,32320.0,30990.0,30990.0,146332
2022-11-03,31430.0,31430.0,29390.0,29390.0,279699
2022-11-04,29930.0,29930.0,26280.0,27530.0,300570
2022-11-07,27530.0,27970.0,26280.0,26550.0,197106
2022-11-08,26460.0,26910.0,25840.0,26200.0,130973
2022-11-09,26370.0,27260.0,26370.0,26820.0,80787
2022-11-10,26820.0,26820.0,23090.0,24330.0,180610
2022-11-11,24860.0,25660.0,23350.0,23620.0,126267
2022-11-14,23800.0,23800.0,20780.0,21670.0,230706
2022-11-15,21760.0,21760.0,18650.0,18650.0,293634
2022-11-16,19000.0,21840.0,17320.0,21840.0,237864
2022-11-17,21760.0,22910.0,21760.0,22910.0,206038
2022-11-18,22910.0,24240.0,21400.0,23620.0,180933
2022-11-21,21400.0,25220.0,19620.0,24860.0,77251
2022-11-22,24860.0,26910.0,24690.0,26110.0,190054
2022-11-23,26370.0,26460.0,25310.0,25660.0,178384
2022-11-24,25660.0,26280.0,24950.0,25490.0,65911
2022-11-25,25490.0,27170.0,25490.0,27170.0,128048
2022-11-28,27260.0,29660.0,27170.0,29480.0,233185
2022-11-29,29660.0,29750.0,27970.0,29130.0,179220
2022-11-30,29040.0,29750.0,28770.0,29570.0,155940
2022-12-01,29570.0,30640.0,28150.0,28950.0,284075
2022-12-02,28770.0,29390.0,27880.0,29130.0,114873
2022-12-05,28680.0,29750.0,28150.0,28330.0,170760
2022-12-06,28590.0,28590.0,26640.0,26640.0,234868
2022-12-07,26460.0,26640.0,25400.0,25750.0,149111
2022-12-08,25750.0,27790.0,25750.0,26820.0,168776
2022-12-09,26820.0,26910.0,25400.0,26110.0,265605
2022-12-12,26280.0,26730.0,25570.0,25750.0,214355
2022-12-13,25660.0,26020.0,25400.0,25930.0,143684
2022-12-14,26200.0,27350.0,25490.0,27080.0,380302
2022-12-15,27080.0,27970.0,26820.0,27790.0,407050
2022-12-16,30280.0,30280.0,26640.0,26990.0,472684
2022-12-19,27260.0,27440.0,26110.0,26200.0,300170
2022-12-20,26460.0,26640.0,24690.0,25310.0,382175
2022-12-21,25220.0,25220.0,23000.0,24510.0,403732
2022-12-22,24510.0,24510.0,22910.0,23710.0,191255
2022-12-23,23890.0,24510.0,23180.0,24060.0,160506
2022-12-26,23890.0,24060.0,22380.0,22910.0,255633
2022-12-27,22910.0,23620.0,22550.0,22820.0,181279
2022-12-28,22910.0,23180.0,22640.0,23000.0,234215
2022-12-29,22640.0,23710.0,22640.0,23000.0,180697
2022-12-30,23350.0,23800.0,23090.0,23710.0,86186
2023-01-03,23800.0,25570.0,23620.0,25130.0,393605
2023-01-04,24690.0,25570.0,24690.0,24860.0,249090
2023-01-05,24860.0,24860.0,24240.0,24420.0,180432
2023-01-06,24510.0,24600.0,23710.0,23890.0,225469
2023-01-09,23980.0,24240.0,23710.0,23800.0,119795
2023-01-10,24420.0,24600.0,23530.0,24060.0,228588
2023-01-11,24330.0,24510.0,24060.0,24330.0,382593
2023-01-12,24240.0,25040.0,24240.0,24330.0,237246
2023-01-13,24510.0,24770.0,24420.0,24510.0,268809
2023-01-16,24600.0,24600.0,23980.0,24330.0,123619
2023-01-17,24240.0,24600.0,24150.0,24420.0,324077
2023-01-18,24420.0,25400.0,24420.0,25130.0,393725
2023-01-19,25130.0,25400.0,24860.0,25130.0,321845
2023-01-27,24950.0,25750.0,24690.0,25400.0,634318
2023-01-30,25400.0,26460.0,25400.0,26110.0,567282
2023-01-31,26200.0,26280.0,25220.0,25840.0,727624
2023-02-01,25840.0,26280.0,25310.0,25310.0,1130264
2023-02-02,25400.0,25400.0,24690.0,24950.0,371057
2023-02-03,24510.0,24950.0,23710.0,24060.0,442335
2023-02-06,24150.0,24150.0,23620.0,24060.0,182698
2023-02-07,24060.0,24330.0,23530.0,23710.0,214015
2023-02-08,23710.0,23890.0,23180.0,23620.0,182521
2023-02-09,23710.0,24060.0,23710.0,24060.0,99559
2023-02-10,24060.0,24240.0,23800.0,23800.0,168570
2023-02-13,23980.0,23980.0,22910.0,23270.0,292349
2023-02-14,23350.0,23620.0,23000.0,23620.0,113273
2023-02-15,23350.0,23800.0,23270.0,23800.0,137472
2023-02-16,23620.0,24420.0,23620.0,24240.0,262631
2023-02-17,24420.0,24420.0,23710.0,23710.0,209749
2023-02-20,23710.0,24420.0,23710.0,24420.0,393728
2023-02-21,24420.0,25310.0,24150.0,24770.0,784970
2023-02-22,24690.0,24690.0,23620.0,23800.0,513816
2023-02-23,24240.0,24240.0,23090.0,23530.0,476600
2023-02-24,23350.0,23890.0,23180.0,23440.0,172864
2023-02-27,23350.0,23350.0,22550.0,22730.0,190488
2023-02-28,22470.0,23710.0,22200.0,22910.0,97706
2023-03-01,22820.0,23180.0,22640.0,23090.0,222611
2023-03-02,23530.0,23800.0,23000.0,23180.0,89314
2023-03-03,23530.0,23530.0,22910.0,23000.0,96959
2023-03-06,23090.0,23710.0,23090.0,23350.0,267946
2023-03-07,23350.0,23530.0,23270.0,23270.0,145981
2023-03-08,23180.0,23620.0,23090.0,23530.0,295120
2023-03-09,23620.0,24060.0,23530.0,23800.0,532019
2023-03-10,23710.0,24600.0,23530.0,24150.0,545052
2023-03-13,23980.0,24150.0,23620.0,23620.0,442015
2023-03-14,23980.0,23980.0,23350.0,23440.0,419696
2023-03-15,23710.0,24860.0,23710.0,24060.0,235974
2023-03-16,24060.0,24150.0,23350.0,23350.0,419265
2023-03-17,23980.0,23980.0,23530.0,23710.0,58421
2023-03-20,23530.0,23980.0,23000.0,23090.0,356852
2023-03-21,23440.0,23530.0,23000.0,23440.0,180882
2023-03-22,23530.0,23980.0,23090.0,23710.0,651503
2023-03-23,23440.0,23800.0,23000.0,23350.0,138736
2023-03-24,23530.0,23620.0,23270.0,23530.0,105107
2023-03-27,23530.0,23710.0,23350.0,23530.0,293430
2023-03-28,23440.0,23710.0,23350.0,23530.0,422474
2023-03-29,23530.0,23620.0,23350.0,23620.0,160875
2023-03-30,23350.0,23980.0,23350.0,23620.0,387377
2023-03-31,23710.0,24330.0,23710.0,24240.0,567761
2023-04-03,24420.0,25220.0,24330.0,25040.0,604357
2023-04-04,25040.0,25220.0,24510.0,24860.0,424068
2023-04-05,24860.0,26200.0,24770.0,26020.0,1060125
2023-04-06,26020.0,26910.0,25930.0,26110.0,1135812
2023-04-07,26110.0,26910.0,25750.0,26820.0,897308
2023-04-10,26820.0,27710.0,26730.0,26820.0,1030817
2023-04-11,26990.0,26990.0,26110.0,26460.0,755041
2023-04-12,26460.0,27080.0,26370.0,26550.0,237019
2023-04-13,26460.0,27440.0,26460.0,26820.0,512258
2023-04-14,26990.0,27170.0,26200.0,26200.0,453831
2023-04-17,26640.0,26820.0,26200.0,26820.0,420617
2023-04-18,26990.0,28060.0,26730.0,27790.0,781389
2023-04-19,27970.0,27970.0,27170.0,27350.0,420923
2023-04-20,27440.0,28500.0,27260.0,27970.0,843817
2023-04-21,28150.0,28330.0,27170.0,27790.0,490731
2023-04-24,27530.0,28240.0,27260.0,27350.0,416535
2023-04-25,27530.0,27880.0,26640.0,26990.0,726149
2023-04-26,26990.0,27080.0,26460.0,26990.0,384752
2023-04-27,27170.0,27350.0,26730.0,26910.0,202729
2023-04-28,27350.0,27620.0,26730.0,27530.0,560881
2023-05-04,27530.0,27530.0,26460.0,26910.0,615954
2023-05-05,26730.0,26910.0,26200.0,26370.0,356790
2023-05-08,26820.0,26910.0,26280.0,26640.0,259340
2023-05-09,26640.0,27440.0,26550.0,26640.0,435658
2023-05-10,26820.0,26990.0,26370.0,26730.0,541065
2023-05-11,26640.0,26820.0,26370.0,26460.0,344003
2023-05-12,26640.0,26730.0,26280.0,26550.0,595144
2023-05-15,26550.0,26820.0,26370.0,26640.0,298824
2023-05-16,26640.0,28950.0,26640.0,28680.0,1888291
2023-05-17,28680.0,30720.0,28680.0,29840.0,1539452
2023-05-18,29840.0,30550.0,29130.0,29390.0,1054362
2023-05-19,29390.0,31080.0,29300.0,30810.0,1267969
2023-05-22,30010.0,31520.0,30010.0,31350.0,933359
2023-05-23,31430.0,31430.0,30370.0,31080.0,855687
2023-05-24,31080.0,32680.0,31080.0,32229.999999999996,961596
2023-05-25,31880.0,32680.0,31610.0,32229.999999999996,620696
2023-05-26,32229.999999999996,33300.0,32229.999999999996,32500.0,855463
2023-05-29,32860.0,33300.0,32229.999999999996,33210.0,916378
2023-05-30,33210.0,34190.0,32860.0,33740.0,843576
2023-05-31,33740.0,34280.0,33210.0,33650.0,661381
2023-06-01,33650.0,33920.0,32590.000000000004,33650.0,1129594
2023-06-02,33390.0,34010.0,33120.0,33390.0,572038
2023-06-05,33210.0,33650.0,32860.0,33390.0,710231
2023-06-06,33120.0,35340.0,33120.0,34900.0,941916
2023-06-07,34630.0,35340.0,34630.0,35080.0,649903
2023-06-08,35340.0,35340.0,33830.0,33830.0,724566
2023-06-09,33830.0,34450.0,33740.0,34370.0,677725
2023-06-12,34010.0,34900.0,33740.0,34630.0,789447
2023-06-13,34630.0,35520.0,34100.0,34630.0,494754
2023-06-14,34630.0,35080.0,33830.0,34190.0,600862
2023-06-15,34190.0,34280.0,33390.0,33740.0,748571
2023-06-16,34100.0,34630.0,33650.0,33920.0,855690
2023-06-19,33920.0,34370.0,33480.0,34010.0,447031
2023-06-20,33740.0,35520.0,33740.0,35340.0,1367557
2023-06-21,35080.0,36410.0,35080.0,36230.0,1204984
2023-06-22,36320.0,37120.0,35870.0,36500.0,668184
2023-06-23,36410.0,37210.0,35700.0,36140.0,658755
2023-06-26,36140.0,36410.0,34810.0,35430.0,940885
2023-06-27,35430.0,35960.0,34720.0,35700.0,829706
2023-06-28,35340.0,36590.0,35160.0,35960.0,1056884
2023-06-29,35870.0,36320.0,34810.0,35160.0,592913
2023-06-30,35340.0,35520.0,34810.0,35340.0,593792
2023-07-03,35160.0,35960.0,35160.0,35960.0,808834
2023-07-04,35700.0,36230.0,35610.0,36140.0,844085
2023-07-05,36050.0,37560.0,36050.0,36940.0,1230414
2023-07-06,36940.0,37560.0,36410.0,36850.0,819282
2023-07-07,36850.0,37740.0,36410.0,37300.0,1034259
2023-07-10,37300.0,37740.0,36940.0,37380.0,1229549
2023-07-11,37380.0,37920.0,36850.0,37210.0,1068063
2023-07-12,37210.0,37740.0,37030.0,37560.0,1113099
2023-07-13,37470.0,38010.0,37210.0,37470.0,879808
2023-07-14,37740.0,38540.0,37380.0,38360.0,1129159
2023-07-17,38980.0,38980.0,37560.0,38090.0,773372
2023-07-18,38010.0,38090.0,37300.0,38010.0,824409
2023-07-19,37740.0,38630.0,37560.0,38010.0,557648
2023-07-20,37920.0,38360.0,37560.0,38270.0,591053
2023-07-21,38540.0,39520.0,38270.0,39430.0,1212868
2023-07-24,39690.0,40400.0,38890.0,38980.0,925387
2023-07-25,39430.0,39430.0,37830.0,38180.0,1476401
2023-07-26,38180.0,38630.0,37650.0,38450.0,1155825
2023-07-27,38360.0,39070.0,37830.0,38450.0,676828
2023-07-28,38450.0,38450.0,37920.0,38450.0,808546
2023-07-31,38450.0,39960.0,38090.0,39960.0,1664429
2023-08-01,39960.0,40850.0,39160.0,39250.0,1073273
2023-08-02,39690.0,39690.0,38980.0,39340.0,563349
2023-08-03,39250.0,39960.0,38890.0,39430.0,1131284
2023-08-04,39250.0,39520.0,38800.0,39340.0,915760
2023-08-07,41210.0,41210.0,39740.0,40230.0,752249
2023-08-08,40030.0,41010.0,39440.0,40030.0,812851
2023-08-09,40030.0,40520.0,39440.0,40030.0,920524
2023-08-10,39740.0,40230.0,39350.0,39640.0,456921
2023-08-11,39540.0,40620.0,39440.0,40430.0,1341263
2023-08-14,40130.0,41010.0,40130.0,41010.0,630310
2023-08-15,41010.0,41210.0,40230.0,40820.0,884590
2023-08-16,40820.0,41110.0,40430.0,40820.0,624784
2023-08-17,40920.0,41310.0,40430.0,41010.0,710859
2023-08-18,40920.0,41210.0,38360.0,38760.0,2061197
2023-08-21,39050.0,39250.0,37580.0,38860.0,1252068
2023-08-22,38760.0,39150.0,37580.0,38660.0,557744
2023-08-23,38950.0,39540.0,38070.0,38560.0,445395
2023-08-24,38560.0,39150.0,38070.0,39050.0,641556
2023-08-25,39050.0,39540.0,38660.0,39350.0,788871
2023-08-28,39350.0,41010.0,39350.0,40920.0,973818
2023-08-29,40920.0,41500.0,40620.0,41010.0,949632
2023-08-30,40430.0,42980.0,40430.0,42880.0,1124584
2023-08-31,42980.0,43960.0,42780.0,43470.0,667118
2023-09-05,43270.0,43660.0,42580.0,43070.0,626258
2023-09-06,42780.0,44740.0,42780.0,44450.0,845066
2023-09-07,44450.0,44840.0,43660.0,44640.0,468836
2023-09-08,44640.0,45630.0,44150.0,45040.0,870023
2023-09-11,45040.0,45430.0,43570.0,44550.0,1588383
2023-09-12,44350.0,45040.0,43660.0,45040.0,687571
2023-09-13,44940.0,46610.0,44350.0,45920.0,1329629
2023-09-14,45330.0,46310.0,44640.0,45230.0,1132444
2023-09-15,45230.0,46710.0,45230.0,46210.0,888430
2023-09-18,46210.0,47100.0,45630.0,46610.0,1010208
2023-09-19,46800.0,47200.0,46020.0,46800.0,765327
2023-09-20,46900.0,47880.0,46510.0,47880.0,1349894
2023-09-21,47980.0,50730.0,47590.0,48860.0,1880344
2023-09-22,48860.0,49060.0,47100.0,48570.0,1804963
2023-09-25,48370.0,49940.0,47590.0,47980.0,1556598
2023-09-26,47980.0,48570.0,45430.0,45630.0,2175186
2023-09-27,45630.0,46120.0,43270.0,46120.0,1505459
2023-09-28,46310.0,46410.0,44250.0,45530.0,1472839
2023-09-29,45820.0,46120.0,44840.0,45230.0,940922
2023-10-02,45330.0,46020.0,45040.0,45430.0,633188
2023-10-03,45430.0,45820.0,43760.0,43960.0,979635
2023-10-04,43960.0,44740.0,43270.0,44550.0,1035723
2023-10-05,44940.0,45920.0,44350.0,44640.0,817897
2023-10-06,44940.0,45140.0,43960.0,45140.0,762771
2023-10-09,45140.0,46020.0,44840.0,45920.0,1073160
2023-10-10,46120.0,47590.0,45820.0,47200.0,1563050
2023-10-11,46800.0,47980.0,46800.0,47690.0,930176
2023-10-12,47390.0,47980.0,47000.0,47290.0,646617
2023-10-13,47100.0,49350.0,46710.0,49260.0,1785778
2023-10-16,49060.0,51120.0,49060.0,49650.0,1603094
2023-10-17,50140.0,51020.0,47690.0,47690.0,1805519
2023-10-18,47690.0,48570.0,45140.0,47100.0,2203647
2023-10-19,46900.0,47490.0,45140.0,45630.0,1133317
2023-10-20,45720.0,45820.0,44150.0,45630.0,1469420
2023-10-23,45720.0,47000.0,45140.0,46610.0,1052533
2023-10-24,46510.0,47980.0,46510.0,47590.0,1188411
2023-10-25,47590.0,47980.0,46410.0,46800.0,1099297
2023-10-26,46800.0,47100.0,43660.0,44840.0,1988459
2023-10-27,44840.0,45820.0,44250.0,45820.0,762568
2023-10-30,45140.0,45920.0,43760.0,44350.0,1160258
2023-10-31,44550.0,44940.0,38860.0,39250.0,1986249
2023-11-01,39250.0,40430.0,38950.0,40130.0,1427843
2023-11-02,40130.0,42680.0,40130.0,42580.0,1126569
2023-11-03,41900.0,43170.0,41700.0,42880.0,831681
2023-11-06,42880.0,43760.0,42190.0,42680.0,597831
2023-11-07,42680.0,42880.0,41900.0,42290.0,1132863
2023-11-08,42490.0,44640.0,42290.0,44550.0,1105837
2023-11-09,44150.0,46510.0,44150.0,45720.0,1190126
2023-11-10,45720.0,45820.0,44450.0,44940.0,1129754
2023-11-13,44940.0,45630.0,44350.0,45430.0,724130
2023-11-14,45430.0,46210.0,45330.0,45820.0,803397
2023-11-15,46210.0,47590.0,45330.0,45920.0,900259
2023-11-16,46120.0,47200.0,45330.0,47100.0,1333998
2023-11-17,47100.0,47590.0,45720.0,46510.0,1547214
2023-11-20,45630.0,46510.0,45040.0,46510.0,700488
2023-11-21,46800.0,46800.0,46120.0,46610.0,618287
2023-11-22,46610.0,47200.0,46020.0,47100.0,1081434
2023-11-23,47200.0,47980.0,45230.0,45920.0,1310735
2023-11-24,45820.0,46710.0,44940.0,46610.0,1285212
2023-11-27,46310.0,47100.0,46020.0,46310.0,872944
2023-11-28,46120.0,46410.0,45530.0,46410.0,653263
2023-11-29,46120.0,46610.0,45820.0,46610.0,641472
2023-11-30,46510.0,47290.0,46310.0,46710.0,840189
2023-12-01,46900.0,47290.0,46310.0,46800.0,628780
2023-12-04,46710.0,48080.0,46710.0,47780.0,1085775
2023-12-05,47690.0,48570.0,47200.0,47590.0,676934
2023-12-06,47690.0,48280.0,47390.0,48280.0,660203
2023-12-07,48280.0,48280.0,47200.0,47880.0,862690
2023-12-08,47880.0,48670.0,47490.0,48080.0,571360
2023-12-11,47590.0,48960.0,47590.0,47980.0,475671
2023-12-12,48080.0,48370.0,47490.0,47980.0,473082
2023-12-13,48080.0,48080.0,47290.0,47690.0,611044
2023-12-14,47780.0,47980.0,47290.0,47590.0,534139
2023-12-15,47390.0,47590.0,46800.0,46900.0,735716
2023-12-18,46210.0,47100.0,45920.0,46410.0,623089
2023-12-19,46410.0,47100.0,46310.0,47100.0,366355
2023-12-20,47100.0,47200.0,46510.0,47100.0,310975
2023-12-21,47100.0,47690.0,46710.0,47390.0,537567
2023-12-22,47780.0,50920.0,47780.0,50830.0,1987006
2023-12-25,50830.0,53770.0,50430.0,53770.0,1829768
2023-12-26,54260.0,54260.0,52490.0,53080.0,1677401
2023-12-27,52980.0,54950.0,52980.0,54750.0,1558008
2023-12-28,54950.0,55830.0,53970.0,55730.0,1487202
2023-12-29,55540.0,56710.0,54950.0,55830.0,1084895
2024-01-02,56910.0,58380.0,55440.0,57200.0,1091009
2024-01-03,57200.0,57790.0,56220.0,56810.0,741445
2024-01-04,56810.0,57010.0,55630.0,56710.0,911145
2024-01-05,56420.0,57110.0,56030.0,57010.0,804949
2024-01-08,57110.0,57790.0,56120.0,56710.0,403002
2024-01-09,57010.0,57500.0,56520.0,57010.0,522637
2024-01-10,57010.0,58870.0,57010.0,58190.0,1368290
2024-01-11,58480.0,58870.0,57200.0,58090.0,431186
2024-01-12,58090.0,58090.0,55440.0,56320.0,1408070
2024-01-15,56520.0,56520.0,54460.0,54550.0,1373618
2024-01-16,54650.0,55830.0,54650.0,55830.0,558740
2024-01-17,55830.0,56710.0,55630.0,55830.0,537420
2024-01-18,55930.0,56910.0,55730.0,56120.0,705565
2024-01-19,56420.0,57600.0,56420.0,57400.0,1545583
2024-01-22,57400.0,65640.0,57400.0,61620.0,2223101
2024-01-23,61820.0,63290.0,61130.0,61820.0,996580
2024-01-24,62010.0,62800.0,59070.0,61820.0,1128024
2024-01-25,61820.0,63390.0,61130.0,63190.0,1130164
2024-01-26,62800.0,64660.0,62800.0,63780.0,795442
2024-01-29,63680.0,65250.0,63090.0,63780.0,1124521
2024-01-30,63780.0,65940.0,63780.0,65640.0,746280
2024-01-31,65740.0,66530.0,64660.0,65050.0,1094275
2024-02-01,65250.0,66030.0,64760.00000000001,65540.0,687037
2024-02-02,65540.0,66820.0,65450.0,65540.0,728269
2024-02-05,65540.0,66430.0,65450.0,65940.0,626398
2024-02-06,66530.0,66720.0,65640.0,66720.0,490414
2024-02-07,66720.0,67900.0,66720.0,67800.0,573332
2024-02-15,67800.0,68590.0,66530.0,67210.0,798641
2024-02-16,67210.0,68290.0,66920.0,66920.0,573653
2024-02-19,66920.0,67210.0,66030.0,66620.0,1004613
2024-02-20,66720.0,67210.0,65940.0,66530.0,727769
2024-02-21,66720.0,68190.0,66330.0,67700.0,1014236
2024-02-22,68680.0,71530.0,67900.0,70940.0,1408740
2024-02-23,70650.0,73980.0,70650.0,70650.0,1533782
2024-02-26,71430.0,73790.0,71140.0,73590.0,1500159
2024-02-27,73590.0,75060.0,73390.0,73490.0,744831
2024-02-28,73790.0,74470.0,73300.0,73690.0,1081131
2024-02-29,73590.0,77020.0,72900.0,76930.0,1774561
2024-03-12,76930.0,76930.0,76930.0,76930.0,722400
2024-03-13,82220.0,82220.0,80460.0,82220.0,2562584
2024-03-14,85170.0,87920.0,82520.0,87920.0,2679592
2024-03-15,88800.0,93210.0,87820.0,92330.0,1750529
2024-03-18,93120.0,96060.0,85950.0,92230.0,2833608
2024-03-19,92230.0,92230.0,87820.0,88110.0,1320760
2024-03-20,86840.0,88410.0,84780.0,88310.0,2371659
2024-03-21,89290.0,89290.0,87230.0,88700.0,776048
2024-03-22,88800.0,88800.0,86350.0,86640.0,1160810
2024-03-25,86540.0,86540.0,81240.0,81730.0,1991269
2024-03-26,81730.0,85760.0,81730.0,85760.0,1070878
2024-03-27,86250.0,88900.0,85270.0,87720.0,1063531
2024-03-28,87720.0,88500.0,86150.0,87030.0,1046752
2024-03-29,86640.0,86840.0,84780.0,86250.0,1315027
2024-04-01,86150.0,90270.0,85170.0,90270.0,2075366
2024-04-02,89290.0,89780.0,87720.0,87820.0,1379918
2024-04-03,87820.0,90270.0,86840.0,86840.0,1754653
2024-04-04,86840.0,87520.0,82320.0,83500.0,3434021
2024-04-05,82420.0,83500.0,77810.0,77810.0,1941635
2024-04-08,77420.0,77810.0,72410.0,72410.0,3135010
2024-04-09,71730.0,76040.0,69670.0,75940.0,2463691
2024-04-10,76340.0,77710.0,74570.0,74570.0,752846
2024-04-11,73000.0,76040.0,72610.0,76040.0,1254201
2024-04-12,76530.0,76830.0,74870.0,75550.0,912444
2024-04-15,75060.0,75060.0,70350.0,70350.0,2134597
2024-04-16,69860.0,71140.0,66030.0,71140.0,2308757
2024-04-17,70450.0,70650.0,66920.0,66920.0,1937324
2024-04-19,63780.0,69080.0,63780.0,68000.0,1838186
2024-04-22,69670.0,70650.0,68190.0,69570.0,1199289
2024-04-23,69170.0,69470.0,67700.0,67800.0,978420
2024-04-24,69170.0,72510.0,69170.0,72510.0,1733568
2024-04-25,73980.0,76440.0,73100.0,73980.0,1795235
2024-04-26,73490.0,75850.0,72610.0,75160.0,1537050
2024-05-02,75550.0,75650.0,73390.0,75550.0,1441133
2024-05-03,76140.0,79480.0,75360.0,77320.0,2434972
2024-05-06,78790.0,79080.0,77020.0,78400.0,1318508
2024-05-07,78010.0,79970.0,77810.0,78590.0,1301690
2024-05-08,77710.0,79280.0,77120.0,78400.0,1163153
2024-05-09,78400.0,81830.0,78100.0,80950.0,2312156
2024-05-10,81050.0,82220.0,79480.0,80650.0,1012728
2024-05-13,80650.0,80650.0,75060.0,77510.0,1708013
2024-05-14,77420.0,78200.0,76140.0,77510.0,1441087
2024-05-15,77610.0,81830.0,77510.0,80560.0,1738307
2024-05-16,81340.0,81440.0,79580.0,80160.0,1082095
2024-05-17,80460.0,84090.0,79580.0,83300.0,2258545
2024-05-20,84380.0,84380.0,82030.0,82130.0,1543409
2024-05-21,82030.0,82030.0,80160.0,81050.0,1494619
2024-05-22,81150.0,82030.0,79480.0,79480.0,1756612
2024-05-23,79580.0,80160.0,77910.0,79580.0,1381839
2024-05-24,78990.0,80650.0,75550.0,76530.0,2151045
2024-05-27,76440.0,76930.0,74570.0,76530.0,1106141
2024-05-28,77810.0,77910.0,76930.0,77910.0,753351
2024-05-29,77910.0,78690.0,76530.0,77020.0,687886
2024-05-30,75650.0,77020.0,74960.0,77020.0,1062248
2024-05-31,77120.0,78010.0,76530.0,76530.0,752848
2024-06-03,77710.0,79180.0,77020.0,78200.0,1050609
2024-06-04,78500.0,81050.0,78500.0,80460.0,1963433
2024-06-05,81830.0,81930.0,79080.0,79080.0,1234314
2024-06-06,79080.0,79870.0,77320.0,77710.0,1205790
2024-06-07,78200.0,78200.0,77320.0,77810.0,802153
2024-06-10,77910.0,78300.0,76930.0,77020.0,1068817
2024-06-11,77020.0,77320.0,75940.0,76340.0,864352
2024-06-12,76040.0,78790.0,76040.0,78200.0,1002312
2024-06-13,78500.0,81440.0,78400.0,81050.0,2565906
2024-06-14,81830.0,86640.0,81340.0,85170.0,5018846
2024-06-17,85760.0,88900.0,84970.0,84970.0,2164093
2024-06-18,86350.0,88900.0,85170.0,85660.0,2530799
2024-06-19,86350.0,91640.0,85860.0,91640.0,3658866
2024-06-20,94200.0,94980.0,91740.0,94200.0,1785131
2024-06-21,94200.0,96650.0,92530.0,93800.0,1609041
2024-06-24,93800.0,94590.0,87330.0,87330.0,4250412
2024-06-25,86840.0,86840.0,82620.0,84290.0,2032307
2024-06-26,84380.0,86640.0,84190.0,85360.0,876707
2024-06-27,85360.0,86250.0,83990.0,83990.0,879599
2024-06-28,84090.0,85860.0,78500.0,81440.0,1354704
2024-07-01,81340.0,82420.0,78690.0,82130.0,1308455
2024-07-02,82220.0,83890.0,82130.0,82520.0,567537
2024-07-03,83210.0,83890.0,82320.0,82520.0,696164
2024-07-04,82910.0,85360.0,82720.0,85360.0,972873
2024-07-05,86250.0,87520.0,85170.0,86150.0,1048732
2024-07-08,86350.0,86350.0,84480.0,84680.0,893296
2024-07-09,84480.0,85860.0,84380.0,85170.0,615519
2024-07-10,85070.0,87520.0,84970.0,85360.0,834560
2024-07-11,85360.0,88210.0,85360.0,87820.0,1359190
2024-07-12,87820.0,87820.0,85660.0,86250.0,784033
2024-07-15,86350.0,86740.0,83210.0,83600.0,1195659
2024-07-16,83790.0,84380.0,81340.0,81540.0,1702015
2024-07-17,81640.0,82030.0,76530.0,78500.0,2035784
2024-07-18,79870.0,79870.0,76530.0,79480.0,1308100
2024-07-19,80070.0,80070.0,77420.0,77510.0,788014
2024-07-22,77320.0,77910.0,74570.0,77020.0,1066387
2024-07-23,77610.0,77810.0,71730.0,71730.0,1304750
2024-07-24,70160.0,75850.0,69170.0,75750.0,1139964
2024-07-25,75060.0,75940.0,72610.0,74570.0,381111
2024-07-26,75060.0,77220.0,74770.0,76830.0,585306
2024-07-29,77910.0,77910.0,76040.0,76830.0,385183
2024-07-30,77120.0,77910.0,75550.0,75550.0,574313
2024-07-31,75550.0,75550.0,73000.0,73100.0,702653
2024-08-01,73590.0,73590.0,68680.0,68680.0,1601649
2024-08-02,67210.0,72120.0,67210.0,71530.0,1196526
2024-08-05,69960.0,71430.0,66720.0,68190.0,1013018
2024-08-06,70060.0,70740.0,68000.0,70350.0,653024
2024-08-07,70650.0,71630.0,69670.0,70160.0,458212
2024-08-08,70160.0,71530.0,68780.0,69170.0,672260
2024-08-09,69570.0,72510.0,69570.0,72510.0,697530
2024-08-12,72810.0,73000.0,72120.0,72810.0,434110
2024-08-13,72900.0,74370.0,72220.0,72810.0,593779
2024-08-14,73980.0,73980.0,72120.0,72220.0,315592
2024-08-15,72220.0,72220.0,70160.0,70250.0,470657
2024-08-16,70940.0,74770.0,70450.0,74080.0,899675
2024-08-19,74570.0,78500.0,74370.0,76040.0,1046472
2024-08-20,76040.0,76530.0,75550.0,75750.0,433658
2024-08-21,76040.0,77710.0,74570.0,75650.0,944291
2024-08-22,75650.0,75850.0,74370.0,75160.0,565708
2024-08-23,75160.0,75360.0,74180.0,74570.0,444259
2024-08-26,74870.0,75550.0,74470.0,74570.0,375106
2024-08-27,74570.0,74870.0,73790.0,74080.0,398788
2024-08-28,74280.0,76140.0,74280.0,74770.0,548304
2024-08-29,75550.0,75550.0,74370.0,74670.0,183818
2024-08-30,74770.0,75060.0,74370.0,74570.0,344646
2024-09-04,74180.0,74180.0,72610.0,73590.0,310375
2024-09-05,73590.0,75360.0,73000.0,73000.0,560219
2024-09-06,73100.0,73790.0,72610.0,73790.0,273745
2024-09-09,73880.0,73880.0,72810.0,72810.0,340362
2024-09-10,73390.0,73390.0,71530.0,71530.0,730291
2024-09-11,71140.0,72610.0,71140.0,72120.0,689002
2024-09-12,72710.0,72810.0,72120.0,72220.0,493919
2024-09-13,72220.0,72900.0,72020.0,72220.0,267636
2024-09-16,72410.0,72710.0,71530.0,71530.0,219453
2024-09-17,71530.0,73100.0,71530.0,72900.0,277502
2024-09-18,73490.0,77510.0,73100.0,77510.0,1925813
2024-09-19,78010.0,79870.0,77510.0,79480.0,1383079
2024-09-20,80360.0,80360.0,77710.0,77910.0,1208677
2024-09-23,77710.0,79480.0,77710.0,78010.0,1493128
2024-09-24,78890.0,79180.0,78100.0,78500.0,2198236
2024-09-25,78800.0,79400.0,77300.0,77500.0,920358
2024-09-26,78300.0,78800.0,77400.0,77600.0,561872
2024-09-27,78000.0,79500.0,77400.0,78800.0,1107422
2024-09-30,79000.0,79700.0,78300.0,78600.0,596596
2024-10-01,78700.0,79400.0,78400.0,78700.0,758413
2024-10-02,78600.0,78600.0,77000.0,77400.0,730958
2024-10-03,77400.0,78000.0,75100.0,75800.0,940955
2024-10-04,75000.0,77800.0,74900.0,76100.0,527981
2024-10-07,77300.0,77300.0,76000.0,76400.0,511546
2024-10-08,76400.0,76900.0,76000.0,76500.0,288300
2024-10-09,76500.0,81800.0,76500.0,81800.0,2924500
2024-10-10,83300.0,83600.0,81600.0,82000.0,798800
2024-10-11,82100.0,86400.0,81500.0,85700.0,2143500
2024-10-14,86000.0,86000.0,84000.0,85000.0,968700
2024-10-15,85000.0,85400.0,82600.0,83500.0,851500
2024-10-16,82900.0,86600.0,82800.0,86500.0,1428000
2024-10-17,87000.0,87000.0,85000.0,85500.0,705800
2024-10-18,85600.0,88000.0,85200.0,86600.0,1136100
2024-10-21,85800.0,87700.0,85600.0,86000.0,634100
2024-10-22,85800.0,86500.0,84300.0,85900.0,1219500
2024-10-23,84900.0,86900.0,84400.0,86800.0,739900
2024-10-24,85500.0,87700.0,85500.0,86800.0,755500
2024-10-25,87000.0,90500.0,86900.0,90500.0,2220500
2024-10-28,90800.0,91700.0,89200.0,89900.0,616600
2024-10-29,89900.0,91700.0,89700.0,89700.0,914500
2024-10-30,89900.0,90800.0,88000.0,90500.0,865300
2024-10-31,90600.0,90600.0,89000.0,89700.0,492000
2024-11-01,89400.0,89400.0,87500.0,88600.0,689100
2024-11-04,87800.0,92500.0,87800.0,91800.0,1160000
2024-11-05,91300.0,96000.0,91100.0,95900.0,2182200
2024-11-06,95900.0,96800.0,95100.0,95500.0,1476500
2024-11-07,95300.0,102100.0,95300.0,102100.0,2526200
2024-11-08,103500.0,109200.0,102100.0,108700.0,1891700
2024-11-11,109100.0,112000.0,106000.0,106000.0,1452200
2024-11-12,106000.0,113400.0,105700.0,113400.0,1771900
2024-11-13,110600.0,119000.0,110600.0,113900.0,1298800
2024-11-14,114100.0,116800.0,113000.0,114500.0,788300
2024-11-15,115000.0,122500.0,110300.0,122500.0,2444600
2024-11-18,124800.0,125900.0,119200.0,123000.0,686400
2024-11-19,124900.0,126000.0,119000.0,119000.0,881100
2024-11-20,117000.0,118800.0,110700.0,113100.0,3053400
2024-11-21,112100.0,121000.0,111900.0,121000.0,1273700
2024-11-22,123900.0,128900.0,122300.0,124000.0,1073000
2024-11-25,124900.0,128199.99999999999,123100.0,128000.0,635300
2024-11-26,128000.0,128500.0,122500.0,122800.0,1451300
2024-11-27,122600.0,127200.0,121100.0,125000.0,661800
2024-11-28,127400.0,131200.0,125600.0,128800.00000000001,934200
